pokemon_species_id,local_language_id,name,genus
1,1,フシギダネ,
1,2,Fushigidane,
1,3,이상해씨,
1,4,妙蛙種子,
1,5,Bulbizarre,
1,6,Bisasam,
1,9,Bulbasaur,Seed
2,1,フシギソウ,
2,2,Fushigisou,
2,3,이상해풀,
2,4,妙蛙草,
2,5,Herbizarre,
2,6,Bisaknosp,
2,9,Ivysaur,Seed
3,1,フシギバナ,
3,2,Fushigibana,
3,3,이상해꽃,
3,4,妙蛙花,
3,5,Florizarre,
3,6,Bisaflor,
3,9,Venusaur,Seed
4,1,ヒトカゲ,
4,2,Hitokage,
4,3,파이리,
4,4,小火龍,
4,5,Salamèche,
4,6,Glumanda,
4,9,Charmander,Lizard
5,1,リザード,
5,2,Lizardo,
5,3,리자드,
5,4,火恐龍,
5,5,Reptincel,
5,6,Glutexo,
5,9,Charmeleon,Flame
6,1,リザードン,
6,2,Lizardon,
6,3,리자몽,
6,4,噴火龍,
6,5,Dracaufeu,
6,6,Glurak,
6,9,Charizard,Flame
7,1,ゼニガメ,
7,2,Zenigame,
7,3,꼬부기,
7,4,傑尼龜,
7,5,Carapuce,
7,6,Schiggy,
7,9,Squirtle,Tiny Turtle
8,1,カメール,
8,2,Kameil,
8,3,어니부기,
8,4,卡咪龜,
8,5,Carabaffe,
8,6,Schillok,
8,9,Wartortle,Turtle
9,1,カメックス,
9,2,Kamex,
9,3,거북왕,
9,4,水箭龜,
9,5,Tortank,
9,6,Turtok,
9,9,Blastoise,Shellfish
10,1,キャタピー,
10,2,Caterpie,
10,3,캐터피,
10,4,綠毛蟲,
10,5,Chenipan,
10,6,Raupy,
10,9,Caterpie,Worm
11,1,トランセル,
11,2,Trancell,
11,3,단데기,
11,4,鐵甲蛹,
11,5,Chrysacier,
11,6,Safcon,
11,9,Metapod,Cocoon
12,1,バタフリー,
12,2,Butterfree,
12,3,버터플,
12,4,巴大蝴,
12,5,Papilusion,
12,6,Smettbo,
12,9,Butterfree,Butterfly
13,1,ビードル,
13,2,Beedle,
13,3,뿔충이,
13,4,獨角蟲,
13,5,Aspicot,
13,6,Hornliu,
13,9,Weedle,Hairy Bug
14,1,コクーン,
14,2,Cocoon,
14,3,딱충이,
14,4,鐵殼昆,
14,5,Coconfort,
14,6,Kokuna,
14,9,Kakuna,Cocoon
15,1,スピアー,
15,2,Spear,
15,3,독침붕,
15,4,大針蜂,
15,5,Dardargnan,
15,6,Bibor,
15,9,Beedrill,Poison Bee
16,1,ポッポ,
16,2,Poppo,
16,3,구구,
16,4,波波,
16,5,Roucool,
16,6,Taubsi,
16,9,Pidgey,Tiny Bird
17,1,ピジョン,
17,2,Pigeon,
17,3,피죤,
17,4,比比鳥,
17,5,Roucoups,
17,6,Tauboga,
17,9,Pidgeotto,Bird
18,1,ピジョット,
18,2,Pigeot,
18,3,피죤투,
18,4,比鵰,
18,5,Roucarnage,
18,6,Tauboss,
18,9,Pidgeot,Bird
19,1,コラッタ,
19,2,Koratta,
19,3,꼬렛,
19,4,小拉達,
19,5,Rattata,
19,6,Rattfratz,
19,9,Rattata,Mouse
20,1,ラッタ,
20,2,Ratta,
20,3,레트라,
20,4,拉達,
20,5,Rattatac,
20,6,Rattikarl,
20,9,Raticate,Mouse
21,1,オニスズメ,
21,2,Onisuzume,
21,3,깨비참,
21,4,烈雀,
21,5,Piafabec,
21,6,Habitak,
21,9,Spearow,Tiny Bird
22,1,オニドリル,
22,2,Onidrill,
22,3,깨비드릴조,
22,4,大嘴雀,
22,5,Rapasdepic,
22,6,Ibitak,
22,9,Fearow,Beak
23,1,アーボ,
23,2,Arbo,
23,3,아보,
23,4,阿柏蛇,
23,5,Abo,
23,6,Rettan,
23,9,Ekans,Snake
24,1,アーボック,
24,2,Arbok,
24,3,아보크,
24,4,阿柏怪,
24,5,Arbok,
24,6,Arbok,
24,9,Arbok,Cobra
25,1,ピカチュウ,
25,2,Pikachu,
25,3,피카츄,
25,4,皮卡丘,
25,5,Pikachu,
25,6,Pikachu,
25,9,Pikachu,Mouse
26,1,ライチュウ,
26,2,Raichu,
26,3,라이츄,
26,4,雷丘,
26,5,Raichu,
26,6,Raichu,
26,9,Raichu,Mouse
27,1,サンド,
27,2,Sand,
27,3,모래두지,
27,4,穿山鼠,
27,5,Sabelette,
27,6,Sandan,
27,9,Sandshrew,Mouse
28,1,サンドパン,
28,2,Sandpan,
28,3,고지,
28,4,穿山王,
28,5,Sablaireau,
28,6,Sandamer,
28,9,Sandslash,Mouse
29,1,ニドラン♀,
29,2,Nidoran♀,
29,3,니드런♀,
29,4,尼多蘭,
29,5,Nidoran♀,
29,6,Nidoran♀,
29,9,Nidoran♀,Poison Pin
30,1,ニドリーナ,
30,2,Nidorina,
30,3,니드리나,
30,4,尼多娜,
30,5,Nidorina,
30,6,Nidorina,
30,9,Nidorina,Poison Pin
31,1,ニドクイン,
31,2,Nidoqueen,
31,3,니드퀸,
31,4,尼多后,
31,5,Nidoqueen,
31,6,Nidoqueen,
31,9,Nidoqueen,Drill
32,1,ニドラン♂,
32,2,Nidoran♂,
32,3,니드런♂,
32,4,尼多朗,
32,5,Nidoran♂,
32,6,Nidoran♂,
32,9,Nidoran♂,Poison Pin
33,1,ニドリーノ,
33,2,Nidorino,
33,3,니드리노,
33,4,尼多力諾,
33,5,Nidorino,
33,6,Nidorino,
33,9,Nidorino,Poison Pin
34,1,ニドキング,
34,2,Nidoking,
34,3,니드킹,
34,4,尼多王,
34,5,Nidoking,
34,6,Nidoking,
34,9,Nidoking,Drill
35,1,ピッピ,
35,2,Pippi,
35,3,삐삐,
35,4,皮皮,
35,5,Mélofée,
35,6,Piepi,
35,9,Clefairy,Fairy
36,1,ピクシー,
36,2,Pixy,
36,3,픽시,
36,4,皮可西,
36,5,Mélodelfe,
36,6,Pixi,
36,9,Clefable,Fairy
37,1,ロコン,
37,2,Rokon,
37,3,식스테일,
37,4,六尾,
37,5,Goupix,
37,6,Vulpix,
37,9,Vulpix,Fox
38,1,キュウコン,
38,2,Kyukon,
38,3,나인테일,
38,4,九尾,
38,5,Feunard,
38,6,Vulnona,
38,9,Ninetales,Fox
39,1,プリン,
39,2,Purin,
39,3,푸린,
39,4,胖丁,
39,5,Rondoudou,
39,6,Pummeluff,
39,9,Jigglypuff,Balloon
40,1,プクリン,
40,2,Pukurin,
40,3,푸크린,
40,4,胖可丁,
40,5,Grodoudou,
40,6,Knuddeluff,
40,9,Wigglytuff,Balloon
41,1,ズバット,
41,2,Zubat,
41,3,주뱃,
41,4,超音蝠,
41,5,Nosferapti,
41,6,Zubat,
41,9,Zubat,Bat
42,1,ゴルバット,
42,2,Golbat,
42,3,골뱃,
42,4,大嘴蝠,
42,5,Nosferalto,
42,6,Golbat,
42,9,Golbat,Bat
43,1,ナゾノクサ,
43,2,Nazonokusa,
43,3,뚜벅쵸,
43,4,走路草,
43,5,Mystherbe,
43,6,Myrapla,
43,9,Oddish,Weed
44,1,クサイハナ,
44,2,Kusaihana,
44,3,냄새꼬,
44,4,臭臭花,
44,5,Ortide,
44,6,Duflor,
44,9,Gloom,Weed
45,1,ラフレシア,
45,2,Ruffresia,
45,3,라플레시아,
45,4,霸王花,
45,5,Rafflesia,
45,6,Giflor,
45,9,Vileplume,Flower
46,1,パラス,
46,2,Paras,
46,3,파라스,
46,4,派拉斯,
46,5,Paras,
46,6,Paras,
46,9,Paras,Mushroom
47,1,パラセクト,
47,2,Parasect,
47,3,파라섹트,
47,4,派拉斯特,
47,5,Parasect,
47,6,Parasek,
47,9,Parasect,Mushroom
48,1,コンパン,
48,2,Kongpang,
48,3,콘팡,
48,4,毛球,
48,5,Mimitoss,
48,6,Bluzuk,
48,9,Venonat,Insect
49,1,モルフォン,
49,2,Morphon,
49,3,도나리,
49,4,末入蛾,
49,5,Aéromite,
49,6,Omot,
49,9,Venomoth,Poison Moth
50,1,ディグダ,
50,2,Digda,
50,3,디그다,
50,4,地鼠,
50,5,Taupiqueur,
50,6,Digda,
50,9,Diglett,Mole
51,1,ダグトリオ,
51,2,Dugtrio,
51,3,닥트리오,
51,4,三地鼠,
51,5,Triopikeur,
51,6,Digdri,
51,9,Dugtrio,Mole
52,1,ニャース,
52,2,Nyarth,
52,3,나옹,
52,4,喵喵,
52,5,Miaouss,
52,6,Mauzi,
52,9,Meowth,Scratch Cat
53,1,ペルシアン,
53,2,Persian,
53,3,페르시온,
53,4,貓老大,
53,5,Persian,
53,6,Snobilikat,
53,9,Persian,Classy Cat
54,1,コダック,
54,2,Koduck,
54,3,고라파덕,
54,4,可達鴨,
54,5,Psykokwak,
54,6,Enton,
54,9,Psyduck,Duck
55,1,ゴルダック,
55,2,Golduck,
55,3,골덕,
55,4,哥達鴨,
55,5,Akwakwak,
55,6,Entoron,
55,9,Golduck,Duck
56,1,マンキー,
56,2,Mankey,
56,3,망키,
56,4,猴怪,
56,5,Férosinge,
56,6,Menki,
56,9,Mankey,Pig Monkey
57,1,オコリザル,
57,2,Okorizaru,
57,3,성원숭,
57,4,火爆猴,
57,5,Colossinge,
57,6,Rasaff,
57,9,Primeape,Pig Monkey
58,1,ガーディ,
58,2,Gardie,
58,3,가디,
58,4,卡蒂狗,
58,5,Caninos,
58,6,Fukano,
58,9,Growlithe,Puppy
59,1,ウインディ,
59,2,Windie,
59,3,윈디,
59,4,風速狗,
59,5,Arcanin,
59,6,Arkani,
59,9,Arcanine,Legendary
60,1,ニョロモ,
60,2,Nyoromo,
60,3,발챙이,
60,4,蚊香蝌蚪,
60,5,Ptitard,
60,6,Quapsel,
60,9,Poliwag,Tadpole
61,1,ニョロゾ,
61,2,Nyorozo,
61,3,수륙챙이,
61,4,蚊香蛙,
61,5,Têtarte,
61,6,Quaputzi,
61,9,Poliwhirl,Tadpole
62,1,ニョロボン,
62,2,Nyorobon,
62,3,강챙이,
62,4,快泳蛙,
62,5,Tartard,
62,6,Quappo,
62,9,Poliwrath,Tadpole
63,1,ケーシィ,
63,2,Casey,
63,3,캐이시,
63,4,凱西,
63,5,Abra,
63,6,Abra,
63,9,Abra,Psi
64,1,ユンゲラー,
64,2,Yungerer,
64,3,윤겔라,
64,4,勇吉拉,
64,5,Kadabra,
64,6,Kadabra,
64,9,Kadabra,Psi
65,1,フーディン,
65,2,Foodin,
65,3,후딘,
65,4,胡地,
65,5,Alakazam,
65,6,Simsala,
65,9,Alakazam,Psi
66,1,ワンリキー,
66,2,Wanriky,
66,3,알통몬,
66,4,腕力,
66,5,Machoc,
66,6,Machollo,
66,9,Machop,Superpower
67,1,ゴーリキー,
67,2,Goriky,
67,3,근육몬,
67,4,豪力,
67,5,Machopeur,
67,6,Maschock,
67,9,Machoke,Superpower
68,1,カイリキー,
68,2,Kairiky,
68,3,괴력몬,
68,4,怪力,
68,5,Mackogneur,
68,6,Machomei,
68,9,Machamp,Superpower
69,1,マダツボミ,
69,2,Madatsubomi,
69,3,모다피,
69,4,喇叭芽,
69,5,Chétiflor,
69,6,Knofensa,
69,9,Bellsprout,Flower
70,1,ウツドン,
70,2,Utsudon,
70,3,우츠동,
70,4,口呆花,
70,5,Boustiflor,
70,6,Ultrigaria,
70,9,Weepinbell,Flycatcher
71,1,ウツボット,
71,2,Utsubot,
71,3,우츠보트,
71,4,大食花,
71,5,Empiflor,
71,6,Sarzenia,
71,9,Victreebel,Flycatcher
72,1,メノクラゲ,
72,2,Menokurage,
72,3,왕눈해,
72,4,瑪瑙水母,
72,5,Tentacool,
72,6,Tentacha,
72,9,Tentacool,Jellyfish
73,1,ドククラゲ,
73,2,Dokukurage,
73,3,독파리,
73,4,毒刺水母,
73,5,Tentacruel,
73,6,Tentoxa,
73,9,Tentacruel,Jellyfish
74,1,イシツブテ,
74,2,Isitsubute,
74,3,꼬마돌,
74,4,小拳石,
74,5,Racaillou,
74,6,Kleinstein,
74,9,Geodude,Rock
75,1,ゴローン,
75,2,Golone,
75,3,데구리,
75,4,隆隆石,
75,5,Gravalanch,
75,6,Georok,
75,9,Graveler,Rock
76,1,ゴローニャ,
76,2,Golonya,
76,3,딱구리,
76,4,隆隆岩,
76,5,Grolem,
76,6,Geowaz,
76,9,Golem,Megaton
77,1,ポニータ,
77,2,Ponyta,
77,3,포니타,
77,4,小火馬,
77,5,Ponyta,
77,6,Ponita,
77,9,Ponyta,Fire Horse
78,1,ギャロップ,
78,2,Gallop,
78,3,날쌩마,
78,4,烈焰馬,
78,5,Galopa,
78,6,Gallopa,
78,9,Rapidash,Fire Horse
79,1,ヤドン,
79,2,Yadon,
79,3,야돈,
79,4,呆呆獸,
79,5,Ramoloss,
79,6,Flegmon,
79,9,Slowpoke,Dopey
80,1,ヤドラン,
80,2,Yadoran,
80,3,야도란,
80,4,呆河馬,
80,5,Flagadoss,
80,6,Lahmus,
80,9,Slowbro,Hermit Crab
81,1,コイル,
81,2,Coil,
81,3,코일,
81,4,小磁怪,
81,5,Magnéti,
81,6,Magnetilo,
81,9,Magnemite,Magnet
82,1,レアコイル,
82,2,Rarecoil,
82,3,레어코일,
82,4,三合一磁怪,
82,5,Magnéton,
82,6,Magneton,
82,9,Magneton,Magnet
83,1,カモネギ,
83,2,Kamonegi,
83,3,파오리,
83,4,大蔥鴨,
83,5,Canarticho,
83,6,Porenta,
83,9,Farfetch'd,Wild Duck
84,1,ドードー,
84,2,Dodo,
84,3,두두,
84,4,嘟嘟,
84,5,Doduo,
84,6,Dodu,
84,9,Doduo,Twin Bird
85,1,ドードリオ,
85,2,Dodorio,
85,3,두트리오,
85,4,嘟嘟利,
85,5,Dodrio,
85,6,Dodri,
85,9,Dodrio,Triple Bird
86,1,パウワウ,
86,2,Pawou,
86,3,쥬쥬,
86,4,小海獅,
86,5,Otaria,
86,6,Jurob,
86,9,Seel,Sea Lion
87,1,ジュゴン,
87,2,Jugon,
87,3,쥬레곤,
87,4,白海獅,
87,5,Lamantine,
87,6,Jugong,
87,9,Dewgong,Sea Lion
88,1,ベトベター,
88,2,Betbeter,
88,3,질퍽이,
88,4,臭泥,
88,5,Tadmorv,
88,6,Sleima,
88,9,Grimer,Sludge
89,1,ベトベトン,
89,2,Betbeton,
89,3,질뻐기,
89,4,臭臭泥,
89,5,Grotadmorv,
89,6,Sleimok,
89,9,Muk,Sludge
90,1,シェルダー,
90,2,Shellder,
90,3,셀러,
90,4,大舌貝,
90,5,Kokiyas,
90,6,Muschas,
90,9,Shellder,Bivalve
91,1,パルシェン,
91,2,Parshen,
91,3,파르셀,
91,4,鐵甲貝,
91,5,Crustabri,
91,6,Austos,
91,9,Cloyster,Bivalve
92,1,ゴース,
92,2,Ghos,
92,3,고오스,
92,4,鬼斯,
92,5,Fantominus,
92,6,Nebulak,
92,9,Gastly,Gas
93,1,ゴースト,
93,2,Ghost,
93,3,고우스트,
93,4,鬼斯通,
93,5,Spectrum,
93,6,Alpollo,
93,9,Haunter,Gas
94,1,ゲンガー,
94,2,Gangar,
94,3,팬텀,
94,4,耿鬼,
94,5,Ectoplasma,
94,6,Gengar,
94,9,Gengar,Shadow
95,1,イワーク,
95,2,Iwark,
95,3,롱스톤,
95,4,大岩蛇,
95,5,Onix,
95,6,Onix,
95,9,Onix,Rock Snake
96,1,スリープ,
96,2,Sleep,
96,3,슬리프,
96,4,素利普,
96,5,Soporifik,
96,6,Traumato,
96,9,Drowzee,Hypnosis
97,1,スリーパー,
97,2,Sleeper,
97,3,슬리퍼,
97,4,素利拍,
97,5,Hypnomade,
97,6,Hypno,
97,9,Hypno,Hypnosis
98,1,クラブ,
98,2,Crab,
98,3,크랩,
98,4,大鉗蟹,
98,5,Krabby,
98,6,Krabby,
98,9,Krabby,River Crab
99,1,キングラー,
99,2,Kingler,
99,3,킹크랩,
99,4,巨鉗蟹,
99,5,Krabboss,
99,6,Kingler,
99,9,Kingler,Pincer
100,1,ビリリダマ,
100,2,Biriridama,
100,3,찌리리공,
100,4,雷電球,
100,5,Voltorbe,
100,6,Voltobal,
100,9,Voltorb,Ball
101,1,マルマイン,
101,2,Marumine,
101,3,붐볼,
101,4,頑皮彈,
101,5,Électrode,
101,6,Lektrobal,
101,9,Electrode,Ball
102,1,タマタマ,
102,2,Tamatama,
102,3,아라리,
102,4,蛋蛋,
102,5,Noeunoeuf,
102,6,Owei,
102,9,Exeggcute,Egg
103,1,ナッシー,
103,2,Nassy,
103,3,나시,
103,4,椰蛋樹,
103,5,Noadkoko,
103,6,Kokowei,
103,9,Exeggutor,Coconut
104,1,カラカラ,
104,2,Karakara,
104,3,탕구리,
104,4,可拉可拉,
104,5,Osselait,
104,6,Tragosso,
104,9,Cubone,Lonely
105,1,ガラガラ,
105,2,Garagara,
105,3,텅구리,
105,4,嘎啦嘎啦,
105,5,Ossatueur,
105,6,Knogga,
105,9,Marowak,Bone Keeper
106,1,サワムラー,
106,2,Sawamular,
106,3,시라소몬,
106,4,沙瓦郎,
106,5,Kicklee,
106,6,Kicklee,
106,9,Hitmonlee,Kicking
107,1,エビワラー,
107,2,Ebiwalar,
107,3,홍수몬,
107,4,艾比郎,
107,5,Tygnon,
107,6,Nockchan,
107,9,Hitmonchan,Punching
108,1,ベロリンガ,
108,2,Beroringa,
108,3,내루미,
108,4,大舌頭,
108,5,Excelangue,
108,6,Schlurp,
108,9,Lickitung,Licking
109,1,ドガース,
109,2,Dogars,
109,3,또가스,
109,4,瓦斯彈,
109,5,Smogo,
109,6,Smogon,
109,9,Koffing,Poison Gas
110,1,マタドガス,
110,2,Matadogas,
110,3,또도가스,
110,4,雙彈瓦斯,
110,5,Smogogo,
110,6,Smogmog,
110,9,Weezing,Poison Gas
111,1,サイホーン,
111,2,Sihorn,
111,3,뿔카노,
111,4,鐵甲犀牛,
111,5,Rhinocorne,
111,6,Rihorn,
111,9,Rhyhorn,Spikes
112,1,サイドン,
112,2,Sidon,
112,3,코뿌리,
112,4,鐵甲暴龍,
112,5,Rhinoféros,
112,6,Rizeros,
112,9,Rhydon,Drill
113,1,ラッキー,
113,2,Lucky,
113,3,럭키,
113,4,吉利蛋,
113,5,Leveinard,
113,6,Chaneira,
113,9,Chansey,Egg
114,1,モンジャラ,
114,2,Monjara,
114,3,덩구리,
114,4,蔓藤怪,
114,5,Saquedeneu,
114,6,Tangela,
114,9,Tangela,Vine
115,1,ガルーラ,
115,2,Garura,
115,3,캥카,
115,4,袋龍,
115,5,Kangourex,
115,6,Kangama,
115,9,Kangaskhan,Parent
116,1,タッツー,
116,2,Tattu,
116,3,쏘드라,
116,4,墨海馬,
116,5,Hypotrempe,
116,6,Seeper,
116,9,Horsea,Dragon
117,1,シードラ,
117,2,Seadra,
117,3,시드라,
117,4,海刺龍,
117,5,Hypocéan,
117,6,Seemon,
117,9,Seadra,Dragon
118,1,トサキント,
118,2,Tosakinto,
118,3,콘치,
118,4,角金魚,
118,5,Poissirène,
118,6,Goldini,
118,9,Goldeen,Goldfish
119,1,アズマオウ,
119,2,Azumao,
119,3,왕콘치,
119,4,金魚王,
119,5,Poissoroy,
119,6,Golking,
119,9,Seaking,Goldfish
120,1,ヒトデマン,
120,2,Hitodeman,
120,3,별가사리,
120,4,海星星,
120,5,Stari,
120,6,Sterndu,
120,9,Staryu,Star Shape
121,1,スターミー,
121,2,Starmie,
121,3,아쿠스타,
121,4,寶石海星,
121,5,Staross,
121,6,Starmie,
121,9,Starmie,Mysterious
122,1,バリヤード,
122,2,Barrierd,
122,3,마임맨,
122,4,吸盤魔偶,
122,5,M. Mime,
122,6,Pantimos,
122,9,Mr. Mime,Barrier
123,1,ストライク,
123,2,Strike,
123,3,스라크,
123,4,飛天螳螂,
123,5,Insécateur,
123,6,Sichlor,
123,9,Scyther,Mantis
124,1,ルージュラ,
124,2,Rougela,
124,3,루주라,
124,4,迷唇姐,
124,5,Lippoutou,
124,6,Rossana,
124,9,Jynx,Human Shape
125,1,エレブー,
125,2,Eleboo,
125,3,에레브,
125,4,電擊獸,
125,5,Élektek,
125,6,Elektek,
125,9,Electabuzz,Electric
126,1,ブーバー,
126,2,Boober,
126,3,마그마,
126,4,鴨嘴火龍,
126,5,Magmar,
126,6,Magmar,
126,9,Magmar,Spitfire
127,1,カイロス,
127,2,Kailios,
127,3,쁘사이저,
127,4,大甲,
127,5,Scarabrute,
127,6,Pinsir,
127,9,Pinsir,Stag Beetle
128,1,ケンタロス,
128,2,Kentauros,
128,3,켄타로스,
128,4,肯泰羅,
128,5,Tauros,
128,6,Tauros,
128,9,Tauros,Wild Bull
129,1,コイキング,
129,2,Koiking,
129,3,잉어킹,
129,4,鯉魚王,
129,5,Magicarpe,
129,6,Karpador,
129,9,Magikarp,Fish
130,1,ギャラドス,
130,2,Gyarados,
130,3,갸라도스,
130,4,暴鯉龍,
130,5,Léviator,
130,6,Garados,
130,9,Gyarados,Atrocious
131,1,ラプラス,
131,2,Laplace,
131,3,라프라스,
131,4,乘龍,
131,5,Lokhlass,
131,6,Lapras,
131,9,Lapras,Transport
132,1,メタモン,
132,2,Metamon,
132,3,메타몽,
132,4,百變怪,
132,5,Métamorph,
132,6,Ditto,
132,9,Ditto,Transform
133,1,イーブイ,
133,2,Eievui,
133,3,이브이,
133,4,伊布,
133,5,Évoli,
133,6,Evoli,
133,9,Eevee,Evolution
134,1,シャワーズ,
134,2,Showers,
134,3,샤미드,
134,4,水精靈,
134,5,Aquali,
134,6,Aquana,
134,9,Vaporeon,Bubble Jet
135,1,サンダース,
135,2,Thunders,
135,3,쥬피썬더,
135,4,雷精靈,
135,5,Voltali,
135,6,Blitza,
135,9,Jolteon,Lightning
136,1,ブースター,
136,2,Booster,
136,3,부스터,
136,4,火精靈,
136,5,Pyroli,
136,6,Flamara,
136,9,Flareon,Flame
137,1,ポリゴン,
137,2,Porygon,
137,3,폴리곤,
137,4,3D龍,
137,5,Porygon,
137,6,Porygon,
137,9,Porygon,Virtual
138,1,オムナイト,
138,2,Omnite,
138,3,암나이트,
138,4,菊石獸,
138,5,Amonita,
138,6,Amonitas,
138,9,Omanyte,Spiral
139,1,オムスター,
139,2,Omstar,
139,3,암스타,
139,4,多刺菊石獸,
139,5,Amonistar,
139,6,Amoroso,
139,9,Omastar,Spiral
140,1,カブト,
140,2,Kabuto,
140,3,투구,
140,4,化石盔,
140,5,Kabuto,
140,6,Kabuto,
140,9,Kabuto,Shellfish
141,1,カブトプス,
141,2,Kabutops,
141,3,투구푸스,
141,4,鐮刀盔,
141,5,Kabutops,
141,6,Kabutops,
141,9,Kabutops,Shellfish
142,1,プテラ,
142,2,Ptera,
142,3,프테라,
142,4,化石翼龍,
142,5,Ptéra,
142,6,Aerodactyl,
142,9,Aerodactyl,Fossil
143,1,カビゴン,
143,2,Kabigon,
143,3,잠만보,
143,4,卡比獸,
143,5,Ronflex,
143,6,Relaxo,
143,9,Snorlax,Sleeping
144,1,フリーザー,
144,2,Freezer,
144,3,프리져,
144,4,急凍鳥,
144,5,Artikodin,
144,6,Arktos,
144,9,Articuno,Freeze
145,1,サンダー,
145,2,Thunder,
145,3,썬더,
145,4,閃電鳥,
145,5,Électhor,
145,6,Zapdos,
145,9,Zapdos,Electric
146,1,ファイヤー,
146,2,Fire,
146,3,파이어,
146,4,火焰鳥,
146,5,Sulfura,
146,6,Lavados,
146,9,Moltres,Flame
147,1,ミニリュウ,
147,2,Miniryu,
147,3,미뇽,
147,4,迷你龍,
147,5,Minidraco,
147,6,Dratini,
147,9,Dratini,Dragon
148,1,ハクリュー,
148,2,Hakuryu,
148,3,신뇽,
148,4,哈克龍,
148,5,Draco,
148,6,Dragonir,
148,9,Dragonair,Dragon
149,1,カイリュー,
149,2,Kairyu,
149,3,망나뇽,
149,4,快龍,
149,5,Dracolosse,
149,6,Dragoran,
149,9,Dragonite,Dragon
150,1,ミュウツー,
150,2,Mewtwo,
150,3,뮤츠,
150,4,超夢,
150,5,Mewtwo,
150,6,Mewtu,
150,9,Mewtwo,Genetic
151,1,ミュウ,
151,2,Mew,
151,3,뮤,
151,4,夢幻,
151,5,Mew,
151,6,Mew,
151,9,Mew,New Species
152,1,チコリータ,
152,2,Chicorita,
152,3,치코리타,
152,4,菊草葉,
152,5,Germignon,
152,6,Endivie,
152,9,Chikorita,Leaf
153,1,ベイリーフ,
153,2,Bayleaf,
153,3,베이리프,
153,4,月桂葉,
153,5,Macronium,
153,6,Lorblatt,
153,9,Bayleef,Leaf
154,1,メガニウム,
154,2,Meganium,
154,3,메가니움,
154,4,大菊花,
154,5,Méganium,
154,6,Meganie,
154,9,Meganium,Herb
155,1,ヒノアラシ,
155,2,Hinoarashi,
155,3,브케인,
155,4,火球鼠,
155,5,Héricendre,
155,6,Feurigel,
155,9,Cyndaquil,Fire Mouse
156,1,マグマラシ,
156,2,Magmarashi,
156,3,마그케인,
156,4,火岩鼠,
156,5,Feurisson,
156,6,Igelavar,
156,9,Quilava,Volcano
157,1,バクフーン,
157,2,Bakphoon,
157,3,블레이범,
157,4,火暴獸,
157,5,Typhlosion,
157,6,Tornupto,
157,9,Typhlosion,Volcano
158,1,ワニノコ,
158,2,Waninoko,
158,3,리아코,
158,4,小鋸鱷,
158,5,Kaiminus,
158,6,Karnimani,
158,9,Totodile,Big Jaw
159,1,アリゲイツ,
159,2,Alligates,
159,3,엘리게이,
159,4,藍鱷,
159,5,Crocrodil,
159,6,Tyracroc,
159,9,Croconaw,Big Jaw
160,1,オーダイル,
160,2,Ordile,
160,3,장크로다일,
160,4,大力鱷,
160,5,Aligatueur,
160,6,Impergator,
160,9,Feraligatr,Big Jaw
161,1,オタチ,
161,2,Otachi,
161,3,꼬리선,
161,4,尾立,
161,5,Fouinette,
161,6,Wiesor,
161,9,Sentret,Scout
162,1,オオタチ,
162,2,Ootachi,
162,3,다꼬리,
162,4,大尾立,
162,5,Fouinar,
162,6,Wiesenior,
162,9,Furret,Long Body
163,1,ホーホー,
163,2,Hoho,
163,3,부우부,
163,4,咕咕,
163,5,Hoothoot,
163,6,Hoothoot,
163,9,Hoothoot,Owl
164,1,ヨルノズク,
164,2,Yorunozuku,
164,3,야부엉,
164,4,貓頭夜鷹,
164,5,Noarfang,
164,6,Noctuh,
164,9,Noctowl,Owl
165,1,レディバ,
165,2,Rediba,
165,3,레디바,
165,4,芭瓢蟲,
165,5,Coxy,
165,6,Ledyba,
165,9,Ledyba,Five Star
166,1,レディアン,
166,2,Redian,
166,3,레디안,
166,4,安瓢蟲,
166,5,Coxyclaque,
166,6,Ledian,
166,9,Ledian,Five Star
167,1,イトマル,
167,2,Itomaru,
167,3,페이검,
167,4,線球,
167,5,Mimigal,
167,6,Webarak,
167,9,Spinarak,String Spit
168,1,アリアドス,
168,2,Ariados,
168,3,아리아도스,
168,4,阿利多斯,
168,5,Migalos,
168,6,Ariados,
168,9,Ariados,Long Leg
169,1,クロバット,
169,2,Crobat,
169,3,크로뱃,
169,4,叉字蝠,
169,5,Nostenfer,
169,6,Iksbat,
169,9,Crobat,Bat
170,1,チョンチー,
170,2,Chonchie,
170,3,초라기,
170,4,燈籠魚,
170,5,Loupio,
170,6,Lampi,
170,9,Chinchou,Angler
171,1,ランターン,
171,2,Lantern,
171,3,랜턴,
171,4,電燈怪,
171,5,Lanturn,
171,6,Lanturn,
171,9,Lanturn,Light
172,1,ピチュー,
172,2,Pichu,
172,3,피츄,
172,4,皮丘,
172,5,Pichu,
172,6,Pichu,
172,9,Pichu,Tiny Mouse
173,1,ピィ,
173,2,Py,
173,3,삐,
173,4,皮寶寶,
173,5,Mélo,
173,6,Pii,
173,9,Cleffa,Star Shape
174,1,ププリン,
174,2,Pupurin,
174,3,푸푸린,
174,4,寶寶丁,
174,5,Toudoudou,
174,6,Fluffeluff,
174,9,Igglybuff,Balloon
175,1,トゲピー,
175,2,Togepy,
175,3,토게피,
175,4,波克比,
175,5,Togepi,
175,6,Togepi,
175,9,Togepi,Spike Ball
176,1,トゲチック,
176,2,Togechick,
176,3,토게틱,
176,4,波克基古,
176,5,Togetic,
176,6,Togetic,
176,9,Togetic,Happiness
177,1,ネイティ,
177,2,Naty,
177,3,네이티,
177,4,天然雀,
177,5,Natu,
177,6,Natu,
177,9,Natu,Tiny Bird
178,1,ネイティオ,
178,2,Natio,
178,3,네이티오,
178,4,天然鳥,
178,5,Xatu,
178,6,Xatu,
178,9,Xatu,Mystic
179,1,メリープ,
179,2,Merriep,
179,3,메리프,
179,4,咩利羊,
179,5,Wattouat,
179,6,Voltilamm,
179,9,Mareep,Wool
180,1,モココ,
180,2,Mokoko,
180,3,보송송,
180,4,綿綿,
180,5,Lainergie,
180,6,Waaty,
180,9,Flaaffy,Wool
181,1,デンリュウ,
181,2,Denryu,
181,3,전룡,
181,4,電龍,
181,5,Pharamp,
181,6,Ampharos,
181,9,Ampharos,Light
182,1,キレイハナ,
182,2,Kireihana,
182,3,아르코,
182,4,美麗花,
182,5,Joliflor,
182,6,Blubella,
182,9,Bellossom,Flower
183,1,マリル,
183,2,Maril,
183,3,마릴,
183,4,瑪力露,
183,5,Marill,
183,6,Marill,
183,9,Marill,Aqua Mouse
184,1,マリルリ,
184,2,Marilli,
184,3,마릴리,
184,4,瑪力露麗,
184,5,Azumarill,
184,6,Azumarill,
184,9,Azumarill,Aqua Rabbit
185,1,ウソッキー,
185,2,Usokkie,
185,3,꼬지모,
185,4,胡說樹,
185,5,Simularbre,
185,6,Mogelbaum,
185,9,Sudowoodo,Imitation
186,1,ニョロトノ,
186,2,Nyorotono,
186,3,왕구리,
186,4,牛蛙君,
186,5,Tarpaud,
186,6,Quaxo,
186,9,Politoed,Frog
187,1,ハネッコ,
187,2,Hanecco,
187,3,통통코,
187,4,毽子草,
187,5,Granivol,
187,6,Hoppspross,
187,9,Hoppip,Cottonweed
188,1,ポポッコ,
188,2,Popocco,
188,3,두코,
188,4,毽子花,
188,5,Floravol,
188,6,Hubelupf,
188,9,Skiploom,Cottonweed
189,1,ワタッコ,
189,2,Watacco,
189,3,솜솜코,
189,4,毽子綿,
189,5,Cotovol,
189,6,Papungha,
189,9,Jumpluff,Cottonweed
190,1,エイパム,
190,2,Eipam,
190,3,에이팜,
190,4,長尾怪手,
190,5,Capumain,
190,6,Griffel,
190,9,Aipom,Long Tail
191,1,ヒマナッツ,
191,2,Himanuts,
191,3,해너츠,
191,4,向日種子,
191,5,Tournegrin,
191,6,Sonnkern,
191,9,Sunkern,Seed
192,1,キマワリ,
192,2,Kimawari,
192,3,해루미,
192,4,向日花怪,
192,5,Héliatronc,
192,6,Sonnflora,
192,9,Sunflora,Sun
193,1,ヤンヤンマ,
193,2,Yanyanma,
193,3,왕자리,
193,4,陽陽瑪,
193,5,Yanma,
193,6,Yanma,
193,9,Yanma,Clear Wing
194,1,ウパー,
194,2,Upah,
194,3,우파,
194,4,烏波,
194,5,Axoloto,
194,6,Felino,
194,9,Wooper,Water Fish
195,1,ヌオー,
195,2,Nuoh,
195,3,누오,
195,4,沼王,
195,5,Maraiste,
195,6,Morlord,
195,9,Quagsire,Water Fish
196,1,エーフィ,
196,2,Eifie,
196,3,에브이,
196,4,太陽精靈,
196,5,Mentali,
196,6,Psiana,
196,9,Espeon,Sun
197,1,ブラッキー,
197,2,Blacky,
197,3,블래키,
197,4,月精靈,
197,5,Noctali,
197,6,Nachtara,
197,9,Umbreon,Moonlight
198,1,ヤミカラス,
198,2,Yamikarasu,
198,3,니로우,
198,4,黑暗鴉,
198,5,Cornèbre,
198,6,Kramurx,
198,9,Murkrow,Darkness
199,1,ヤドキング,
199,2,Yadoking,
199,3,야도킹,
199,4,河馬王,
199,5,Roigada,
199,6,Laschoking,
199,9,Slowking,Royal
200,1,ムウマ,
200,2,Muma,
200,3,무우마,
200,4,夢妖,
200,5,Feuforêve,
200,6,Traunfugil,
200,9,Misdreavus,Screech
201,1,アンノーン,
201,2,Unknown,
201,3,안농,
201,4,未知圖騰,
201,5,Zarbi,
201,6,Icognito,
201,9,Unown,Symbol
202,1,ソーナンス,
202,2,Sonans,
202,3,마자용,
202,4,果然翁,
202,5,Qulbutoké,
202,6,Woingenau,
202,9,Wobbuffet,Patient
203,1,キリンリキ,
203,2,Kirinriki,
203,3,키링키,
203,4,麒麟奇,
203,5,Girafarig,
203,6,Girafarig,
203,9,Girafarig,Long Neck
204,1,クヌギダマ,
204,2,Kunugidama,
204,3,피콘,
204,4,榛果球,
204,5,Pomdepik,
204,6,Tannza,
204,9,Pineco,Bagworm
205,1,フォレトス,
205,2,Foretos,
205,3,쏘콘,
205,4,佛烈托斯,
205,5,Foretress,
205,6,Forstellka,
205,9,Forretress,Bagworm
206,1,ノコッチ,
206,2,Nokocchi,
206,3,노고치,
206,4,土龍弟弟,
206,5,Insolourdo,
206,6,Dummisel,
206,9,Dunsparce,Land Snake
207,1,グライガー,
207,2,Gliger,
207,3,글라이거,
207,4,天蠍,
207,5,Scorplane,
207,6,Skorgla,
207,9,Gligar,FlyScorpion
208,1,ハガネール,
208,2,Haganeil,
208,3,강철톤,
208,4,大鋼蛇,
208,5,Steelix,
208,6,Stahlos,
208,9,Steelix,Iron Snake
209,1,ブルー,
209,2,Bulu,
209,3,블루,
209,4,布盧,
209,5,Snubbull,
209,6,Snubbull,
209,9,Snubbull,Fairy
210,1,グランブル,
210,2,Granbulu,
210,3,그랑블루,
210,4,布盧皇,
210,5,Granbull,
210,6,Granbull,
210,9,Granbull,Fairy
211,1,ハリーセン,
211,2,Harysen,
211,3,침바루,
211,4,千針魚,
211,5,Qwilfish,
211,6,Baldorfish,
211,9,Qwilfish,Balloon
212,1,ハッサム,
212,2,Hassam,
212,3,핫삼,
212,4,巨鉗螳螂,
212,5,Cizayox,
212,6,Scherox,
212,9,Scizor,Pincer
213,1,ツボツボ,
213,2,Tsubotsubo,
213,3,단단지,
213,4,壺壺,
213,5,Caratroc,
213,6,Pottrott,
213,9,Shuckle,Mold
214,1,ヘラクロス,
214,2,Heracros,
214,3,헤라크로스,
214,4,赫拉剋羅斯,
214,5,Scarhino,
214,6,Skaraborn,
214,9,Heracross,Single Horn
215,1,ニューラ,
215,2,Nyula,
215,3,포푸니,
215,4,狃拉,
215,5,Farfuret,
215,6,Sniebel,
215,9,Sneasel,Sharp Claw
216,1,ヒメグマ,
216,2,Himeguma,
216,3,깜지곰,
216,4,熊寶寶,
216,5,Teddiursa,
216,6,Teddiursa,
216,9,Teddiursa,Little Bear
217,1,リングマ,
217,2,Ringuma,
217,3,링곰,
217,4,圈圈熊,
217,5,Ursaring,
217,6,Ursaring,
217,9,Ursaring,Hibernator
218,1,マグマッグ,
218,2,Magmag,
218,3,마그마그,
218,4,熔岩蟲,
218,5,Limagma,
218,6,Schneckmag,
218,9,Slugma,Lava
219,1,マグカルゴ,
219,2,Magcargot,
219,3,마그카르고,
219,4,熔岩蝸牛,
219,5,Volcaropod,
219,6,Magcargo,
219,9,Magcargo,Lava
220,1,ウリムー,
220,2,Urimoo,
220,3,꾸꾸리,
220,4,小山豬,
220,5,Marcacrin,
220,6,Quiekel,
220,9,Swinub,Pig
221,1,イノムー,
221,2,Inomoo,
221,3,메꾸리,
221,4,長毛豬,
221,5,Cochignon,
221,6,Keifel,
221,9,Piloswine,Swine
222,1,サニーゴ,
222,2,Sunnygo,
222,3,코산호,
222,4,太陽珊瑚,
222,5,Corayon,
222,6,Corasonn,
222,9,Corsola,Coral
223,1,テッポウオ,
223,2,Teppouo,
223,3,총어,
223,4,鐵砲魚,
223,5,Rémoraid,
223,6,Remoraid,
223,9,Remoraid,Jet
224,1,オクタン,
224,2,Okutank,
224,3,대포무노,
224,4,章魚桶,
224,5,Octillery,
224,6,Octillery,
224,9,Octillery,Jet
225,1,デリバード,
225,2,Delibird,
225,3,딜리버드,
225,4,信使鳥,
225,5,Cadoizo,
225,6,Botogel,
225,9,Delibird,Delivery
226,1,マンタイン,
226,2,Mantain,
226,3,만타인,
226,4,巨翅飛魚,
226,5,Démanta,
226,6,Mantax,
226,9,Mantine,Kite
227,1,エアームド,
227,2,Airmd,
227,3,무장조,
227,4,盔甲鳥,
227,5,Airmure,
227,6,Panzaeron,
227,9,Skarmory,Armor Bird
228,1,デルビル,
228,2,Delvil,
228,3,델빌,
228,4,戴魯比,
228,5,Malosse,
228,6,Hunduster,
228,9,Houndour,Dark
229,1,ヘルガー,
229,2,Hellgar,
229,3,헬가,
229,4,黑魯加,
229,5,Démolosse,
229,6,Hundemon,
229,9,Houndoom,Dark
230,1,キングドラ,
230,2,Kingdra,
230,3,킹드라,
230,4,刺龍王,
230,5,Hyporoi,
230,6,Seedraking,
230,9,Kingdra,Dragon
231,1,ゴマゾウ,
231,2,Gomazou,
231,3,코코리,
231,4,小小象,
231,5,Phanpy,
231,6,Phanpy,
231,9,Phanpy,Long Nose
232,1,ドンファン,
232,2,Donfan,
232,3,코리갑,
232,4,頓甲,
232,5,Donphan,
232,6,Donphan,
232,9,Donphan,Armor
233,1,ポリゴン２,
233,2,Porygon2,
233,3,폴리곤2,
233,4,3D龍2,
233,5,Porygon2,
233,6,Porygon2,
233,9,Porygon2,Virtual
234,1,オドシシ,
234,2,Odoshishi,
234,3,노라키,
234,4,驚角鹿,
234,5,Cerfrousse,
234,6,Damhirplex,
234,9,Stantler,Big Horn
235,1,ドーブル,
235,2,Doble,
235,3,루브도,
235,4,圖圖犬,
235,5,Queulorior,
235,6,Farbeagle,
235,9,Smeargle,Painter
236,1,バルキー,
236,2,Balkie,
236,3,배루키,
236,4,巴爾郎,
236,5,Debugant,
236,6,Rabauz,
236,9,Tyrogue,Scuffle
237,1,カポエラー,
237,2,Kapoerer,
237,3,카포에라,
237,4,柯波朗,
237,5,Kapoera,
237,6,Kapoera,
237,9,Hitmontop,Handstand
238,1,ムチュール,
238,2,Muchul,
238,3,뽀뽀라,
238,4,迷唇娃,
238,5,Lippouti,
238,6,Kussilla,
238,9,Smoochum,Kiss
239,1,エレキッド,
239,2,Elekid,
239,3,에레키드,
239,4,電擊怪,
239,5,Élekid,
239,6,Elekid,
239,9,Elekid,Electric
240,1,ブビィ,
240,2,Buby,
240,3,마그비,
240,4,小鴨嘴龍,
240,5,Magby,
240,6,Magby,
240,9,Magby,Live Coal
241,1,ミルタンク,
241,2,Miltank,
241,3,밀탱크,
241,4,大奶罐,
241,5,Écrémeuh,
241,6,Miltank,
241,9,Miltank,Milk Cow
242,1,ハピナス,
242,2,Happinas,
242,3,해피나스,
242,4,幸福蛋,
242,5,Leuphorie,
242,6,Heiteira,
242,9,Blissey,Happiness
243,1,ライコウ,
243,2,Raikou,
243,3,라이코,
243,4,雷公,
243,5,Raikou,
243,6,Raikou,
243,9,Raikou,Thunder
244,1,エンテイ,
244,2,Entei,
244,3,앤테이,
244,4,炎帝,
244,5,Entei,
244,6,Entei,
244,9,Entei,Volcano
245,1,スイクン,
245,2,Suikun,
245,3,스이쿤,
245,4,水君,
245,5,Suicune,
245,6,Suicune,
245,9,Suicune,Aurora
246,1,ヨーギラス,
246,2,Yogiras,
246,3,애버라스,
246,4,由基拉,
246,5,Embrylex,
246,6,Larvitar,
246,9,Larvitar,Rock Skin
247,1,サナギラス,
247,2,Sanagiras,
247,3,데기라스,
247,4,沙基拉,
247,5,Ymphect,
247,6,Pupitar,
247,9,Pupitar,Hard Shell
248,1,バンギラス,
248,2,Bangiras,
248,3,마기라스,
248,4,班吉拉,
248,5,Tyranocif,
248,6,Despotar,
248,9,Tyranitar,Armor
249,1,ルギア,
249,2,Lugia,
249,3,루기아,
249,4,洛奇亞,
249,5,Lugia,
249,6,Lugia,
249,9,Lugia,Diving
250,1,ホウオウ,
250,2,Houou,
250,3,칠색조,
250,4,鳳王,
250,5,Ho-Oh,
250,6,Ho-Oh,
250,9,Ho-Oh,Rainbow
251,1,セレビィ,
251,2,Celebi,
251,3,세레비,
251,4,雪拉比,
251,5,Celebi,
251,6,Celebi,
251,9,Celebi,Time Travel
252,1,キモリ,
252,2,Kimori,
252,3,나무지기,
252,4,木守宮,
252,5,Arcko,
252,6,Geckarbor,
252,9,Treecko,Wood Gecko
253,1,ジュプトル,
253,2,Juptile,
253,3,나무돌이,
253,4,森林蜥蜴,
253,5,Massko,
253,6,Reptain,
253,9,Grovyle,Wood Gecko
254,1,ジュカイン,
254,2,Jukain,
254,3,나무킹,
254,4,蜥蜴王,
254,5,Jungko,
254,6,Gewaldro,
254,9,Sceptile,Forest
255,1,アチャモ,
255,2,Achamo,
255,3,아차모,
255,4,火稚雞,
255,5,Poussifeu,
255,6,Flemmli,
255,9,Torchic,Chick
256,1,ワカシャモ,
256,2,Wakasyamo,
256,3,영치코,
256,4,力壯雞,
256,5,Galifeu,
256,6,Jungglut,
256,9,Combusken,Young Fowl
257,1,バシャーモ,
257,2,Bursyamo,
257,3,번치코,
257,4,火焰雞,
257,5,Braségali,
257,6,Lohgock,
257,9,Blaziken,Blaze
258,1,ミズゴロウ,
258,2,Mizugorou,
258,3,물짱이,
258,4,水躍魚,
258,5,Gobou,
258,6,Hydropi,
258,9,Mudkip,Mud Fish
259,1,ヌマクロー,
259,2,Numacraw,
259,3,늪짱이,
259,4,沼躍魚,
259,5,Flobio,
259,6,Moorabbel,
259,9,Marshtomp,Mud Fish
260,1,ラグラージ,
260,2,Laglarge,
260,3,대짱이,
260,4,巨沼怪,
260,5,Laggron,
260,6,Sumpex,
260,9,Swampert,Mud Fish
261,1,ポチエナ,
261,2,Pochiena,
261,3,포챠나,
261,4,土狼犬,
261,5,Medhyèna,
261,6,Fiffyen,
261,9,Poochyena,Bite
262,1,グラエナ,
262,2,Guraena,
262,3,그라에나,
262,4,大狼犬,
262,5,Grahyèna,
262,6,Magnayen,
262,9,Mightyena,Bite
263,1,ジグザグマ,
263,2,Ziguzaguma,
263,3,지그제구리,
263,4,蛇紋熊,
263,5,Zigzaton,
263,6,Zigzachs,
263,9,Zigzagoon,TinyRaccoon
264,1,マッスグマ,
264,2,Massuguma,
264,3,직구리,
264,4,直衝熊,
264,5,Linéon,
264,6,Geradaks,
264,9,Linoone,Rushing
265,1,ケムッソ,
265,2,Kemusso,
265,3,개무소,
265,4,刺尾蟲,
265,5,Chenipotte,
265,6,Waumpel,
265,9,Wurmple,Worm
266,1,カラサリス,
266,2,Karasalis,
266,3,실쿤,
266,4,甲殼蛹,
266,5,Armulys,
266,6,Schaloko,
266,9,Silcoon,Cocoon
267,1,アゲハント,
267,2,Agehunt,
267,3,뷰티플라이,
267,4,狩獵鳳蝶,
267,5,Charmillon,
267,6,Papinella,
267,9,Beautifly,Butterfly
268,1,マユルド,
268,2,Mayuld,
268,3,카스쿤,
268,4,盾甲繭,
268,5,Blindalys,
268,6,Panekon,
268,9,Cascoon,Cocoon
269,1,ドクケイル,
269,2,Dokucale,
269,3,독케일,
269,4,毒粉蝶,
269,5,Papinox,
269,6,Pudox,
269,9,Dustox,Poison Moth
270,1,ハスボー,
270,2,Hassboh,
270,3,연꽃몬,
270,4,蓮葉童子,
270,5,Nénupiot,
270,6,Loturzel,
270,9,Lotad,Water Weed
271,1,ハスブレロ,
271,2,Hasubrero,
271,3,로토스,
271,4,蓮帽小童,
271,5,Lombre,
271,6,Lombrero,
271,9,Lombre,Jolly
272,1,ルンパッパ,
272,2,Runpappa,
272,3,로파파,
272,4,樂天河童,
272,5,Ludicolo,
272,6,Kappalores,
272,9,Ludicolo,Carefree
273,1,タネボー,
273,2,Taneboh,
273,3,도토링,
273,4,橡實果,
273,5,Grainipiot,
273,6,Samurzel,
273,9,Seedot,Acorn
274,1,コノハナ,
274,2,Konohana,
274,3,잎새코,
274,4,長鼻葉,
274,5,Pifeuil,
274,6,Blanas,
274,9,Nuzleaf,Wily
275,1,ダーテング,
275,2,Dirteng,
275,3,다탱구,
275,4,狡猾天狗,
275,5,Tengalice,
275,6,Tengulist,
275,9,Shiftry,Wicked
276,1,スバメ,
276,2,Subame,
276,3,테일로,
276,4,傲骨燕,
276,5,Nirondelle,
276,6,Schwalbini,
276,9,Taillow,TinySwallow
277,1,オオスバメ,
277,2,Ohsubame,
277,3,스왈로,
277,4,大王燕,
277,5,Hélédelle,
277,6,Schwalboss,
277,9,Swellow,Swallow
278,1,キャモメ,
278,2,Camome,
278,3,갈모매,
278,4,長翅鷗,
278,5,Goélise,
278,6,Wingull,
278,9,Wingull,Seagull
279,1,ペリッパー,
279,2,Pelipper,
279,3,패리퍼,
279,4,大嘴鷗,
279,5,Bekipan,
279,6,Pelipper,
279,9,Pelipper,Water Bird
280,1,ラルトス,
280,2,Ralts,
280,3,랄토스,
280,4,拉魯拉絲,
280,5,Tarsal,
280,6,Trasla,
280,9,Ralts,Feeling
281,1,キルリア,
281,2,Kirlia,
281,3,킬리아,
281,4,奇魯莉安,
281,5,Kirlia,
281,6,Kirlia,
281,9,Kirlia,Emotion
282,1,サーナイト,
282,2,Sirnight,
282,3,가디안,
282,4,沙奈朵,
282,5,Gardevoir,
282,6,Guardevoir,
282,9,Gardevoir,Embrace
283,1,アメタマ,
283,2,Ametama,
283,3,비구술,
283,4,溜溜糖球,
283,5,Arakdo,
283,6,Gehweiher,
283,9,Surskit,Pond Skater
284,1,アメモース,
284,2,Amemoth,
284,3,비나방,
284,4,雨翅蛾,
284,5,Maskadra,
284,6,Maskeregen,
284,9,Masquerain,Eyeball
285,1,キノココ,
285,2,Kinococo,
285,3,버섯꼬,
285,4,蘑蘑菇,
285,5,Balignon,
285,6,Knilz,
285,9,Shroomish,Mushroom
286,1,キノガッサ,
286,2,Kinogassa,
286,3,버섯모,
286,4,斗笠菇,
286,5,Chapignon,
286,6,Kapilz,
286,9,Breloom,Mushroom
287,1,ナマケロ,
287,2,Namakero,
287,3,게을로,
287,4,懶人翁,
287,5,Parecool,
287,6,Bummelz,
287,9,Slakoth,Slacker
288,1,ヤルキモノ,
288,2,Yarukimono,
288,3,발바로,
288,4,過動猿,
288,5,Vigoroth,
288,6,Muntier,
288,9,Vigoroth,Wild Monkey
289,1,ケッキング,
289,2,Kekking,
289,3,게을킹,
289,4,請假王,
289,5,Monaflèmit,
289,6,Letarking,
289,9,Slaking,Lazy
290,1,ツチニン,
290,2,Tutinin,
290,3,토중몬,
290,4,土居忍士,
290,5,Ningale,
290,6,Nincada,
290,9,Nincada,Trainee
291,1,テッカニン,
291,2,Tekkanin,
291,3,아이스크,
291,4,鐵面忍者,
291,5,Ninjask,
291,6,Ninjask,
291,9,Ninjask,Ninja
292,1,ヌケニン,
292,2,Nukenin,
292,3,껍질몬,
292,4,脫殼忍者,
292,5,Munja,
292,6,Ninjatom,
292,9,Shedinja,Shed
293,1,ゴニョニョ,
293,2,Gonyonyo,
293,3,소곤룡,
293,4,咕妞妞,
293,5,Chuchmur,
293,6,Flurmel,
293,9,Whismur,Whisper
294,1,ドゴーム,
294,2,Dogohmb,
294,3,노공룡,
294,4,吼爆彈,
294,5,Ramboum,
294,6,Krakeelo,
294,9,Loudred,Big Voice
295,1,バクオング,
295,2,Bakuong,
295,3,폭음룡,
295,4,爆音怪,
295,5,Brouhabam,
295,6,Krawumms,
295,9,Exploud,Loud Noise
296,1,マクノシタ,
296,2,Makunoshita,
296,3,마크탕,
296,4,幕下力士,
296,5,Makuhita,
296,6,Makuhita,
296,9,Makuhita,Guts
297,1,ハリテヤマ,
297,2,Hariteyama,
297,3,하리뭉,
297,4,超力王,
297,5,Hariyama,
297,6,Hariyama,
297,9,Hariyama,Arm Thrust
298,1,ルリリ,
298,2,Ruriri,
298,3,루리리,
298,4,露力麗,
298,5,Azurill,
298,6,Azurill,
298,9,Azurill,Polka Dot
299,1,ノズパス,
299,2,Nosepass,
299,3,코코파스,
299,4,朝北鼻,
299,5,Tarinor,
299,6,Nasgnet,
299,9,Nosepass,Compass
300,1,エネコ,
300,2,Eneco,
300,3,에나비,
300,4,向尾喵,
300,5,Skitty,
300,6,Eneco,
300,9,Skitty,Kitten
301,1,エネコロロ,
301,2,Enekororo,
301,3,델케티,
301,4,優雅貓,
301,5,Delcatty,
301,6,Enekoro,
301,9,Delcatty,Prim
302,1,ヤミラミ,
302,2,Yamirami,
302,3,깜까미,
302,4,勾魂眼,
302,5,Ténéfix,
302,6,Zobiris,
302,9,Sableye,Darkness
303,1,クチート,
303,2,Kucheat,
303,3,입치트,
303,4,大嘴娃,
303,5,Mysdibule,
303,6,Flunkifer,
303,9,Mawile,Deceiver
304,1,ココドラ,
304,2,Cokodora,
304,3,가보리,
304,4,可可多拉,
304,5,Galekid,
304,6,Stollunior,
304,9,Aron,Iron Armor
305,1,コドラ,
305,2,Kodora,
305,3,갱도라,
305,4,可多拉,
305,5,Galegon,
305,6,Stollrak,
305,9,Lairon,Iron Armor
306,1,ボスゴドラ,
306,2,Bossgodora,
306,3,보스로라,
306,4,波士可多拉,
306,5,Galeking,
306,6,Stolloss,
306,9,Aggron,Iron Armor
307,1,アサナン,
307,2,Asanan,
307,3,요가랑,
307,4,瑪沙那,
307,5,Méditikka,
307,6,Meditie,
307,9,Meditite,Meditate
308,1,チャーレム,
308,2,Charem,
308,3,요가램,
308,4,恰雷姆,
308,5,Charmina,
308,6,Meditalis,
308,9,Medicham,Meditate
309,1,ラクライ,
309,2,Rakurai,
309,3,썬더라이,
309,4,落雷獸,
309,5,Dynavolt,
309,6,Frizelbliz,
309,9,Electrike,Lightning
310,1,ライボルト,
310,2,Livolt,
310,3,썬더볼트,
310,4,雷電獸,
310,5,Élecsprint,
310,6,Voltenso,
310,9,Manectric,Discharge
311,1,プラスル,
311,2,Prasle,
311,3,플러시,
311,4,正電拍拍,
311,5,Posipi,
311,6,Plusle,
311,9,Plusle,Cheering
312,1,マイナン,
312,2,Minun,
312,3,마이농,
312,4,負電拍拍,
312,5,Négapi,
312,6,Minun,
312,9,Minun,Cheering
313,1,バルビート,
313,2,Barubeat,
313,3,볼비트,
313,4,電螢蟲,
313,5,Muciole,
313,6,Volbeat,
313,9,Volbeat,Firefly
314,1,イルミーゼ,
314,2,Illumise,
314,3,네오비트,
314,4,甜甜螢,
314,5,Lumivole,
314,6,Illumise,
314,9,Illumise,Firefly
315,1,ロゼリア,
315,2,Roselia,
315,3,로젤리아,
315,4,毒薔薇,
315,5,Rosélia,
315,6,Roselia,
315,9,Roselia,Thorn
316,1,ゴクリン,
316,2,Gokulin,
316,3,꼴깍몬,
316,4,溶食獸,
316,5,Gloupti,
316,6,Schluppuck,
316,9,Gulpin,Stomach
317,1,マルノーム,
317,2,Marunoom,
317,3,꿀꺽몬,
317,4,吞食獸,
317,5,Avaltout,
317,6,Schlukwech,
317,9,Swalot,Poison Bag
318,1,キバニア,
318,2,Kibanha,
318,3,샤프니아,
318,4,利牙魚,
318,5,Carvanha,
318,6,Kanivanha,
318,9,Carvanha,Savage
319,1,サメハダー,
319,2,Samehader,
319,3,샤크니아,
319,4,巨牙鯊,
319,5,Sharpedo,
319,6,Tohaido,
319,9,Sharpedo,Brutal
320,1,ホエルコ,
320,2,Whalko,
320,3,고래왕자,
320,4,吼吼鯨,
320,5,Wailmer,
320,6,Wailmer,
320,9,Wailmer,Ball Whale
321,1,ホエルオー,
321,2,Whaloh,
321,3,고래왕,
321,4,吼鯨王,
321,5,Wailord,
321,6,Wailord,
321,9,Wailord,Float Whale
322,1,ドンメル,
322,2,Donmel,
322,3,둔타,
322,4,呆火駝,
322,5,Chamallot,
322,6,Camaub,
322,9,Numel,Numb
323,1,バクーダ,
323,2,Bakuuda,
323,3,폭타,
323,4,噴火駝,
323,5,Camérupt,
323,6,Camerupt,
323,9,Camerupt,Eruption
324,1,コータス,
324,2,Cotoise,
324,3,코터스,
324,4,煤炭龜,
324,5,Chartor,
324,6,Qurtel,
324,9,Torkoal,Coal
325,1,バネブー,
325,2,Baneboo,
325,3,피그점프,
325,4,跳跳豬,
325,5,Spoink,
325,6,Spoink,
325,9,Spoink,Bounce
326,1,ブーピッグ,
326,2,Boopig,
326,3,피그킹,
326,4,噗噗豬,
326,5,Groret,
326,6,Groink,
326,9,Grumpig,Manipulate
327,1,パッチール,
327,2,Patcheel,
327,3,얼루기,
327,4,晃晃斑,
327,5,Spinda,
327,6,Pandir,
327,9,Spinda,Spot Panda
328,1,ナックラー,
328,2,Nuckrar,
328,3,톱치,
328,4,大顎蟻,
328,5,Kraknoix,
328,6,Knacklion,
328,9,Trapinch,Ant Pit
329,1,ビブラーバ,
329,2,Vibrava,
329,3,비브라바,
329,4,超音波幼蟲,
329,5,Vibraninf,
329,6,Vibrava,
329,9,Vibrava,Vibration
330,1,フライゴン,
330,2,Frygon,
330,3,플라이곤,
330,4,沙漠蜻蜓,
330,5,Libégon,
330,6,Libelldra,
330,9,Flygon,Mystic
331,1,サボネア,
331,2,Sabonea,
331,3,선인왕,
331,4,沙漠奈亞,
331,5,Cacnea,
331,6,Tuska,
331,9,Cacnea,Cactus
332,1,ノクタス,
332,2,Noctus,
332,3,밤선인,
332,4,夢歌奈亞,
332,5,Cacturne,
332,6,Noktuska,
332,9,Cacturne,Scarecrow
333,1,チルット,
333,2,Tyltto,
333,3,파비코,
333,4,青綿鳥,
333,5,Tylton,
333,6,Wablu,
333,9,Swablu,Cotton Bird
334,1,チルタリス,
334,2,Tyltalis,
334,3,파비코리,
334,4,七夕青鳥,
334,5,Altaria,
334,6,Altaria,
334,9,Altaria,Humming
335,1,ザングース,
335,2,Zangoose,
335,3,쟝고,
335,4,貓鼬斬,
335,5,Mangriff,
335,6,Sengo,
335,9,Zangoose,Cat Ferret
336,1,ハブネーク,
336,2,Habunake,
336,3,세비퍼,
336,4,飯匙蛇,
336,5,Séviper,
336,6,Vipitis,
336,9,Seviper,Fang Snake
337,1,ルナトーン,
337,2,Lunatone,
337,3,루나톤,
337,4,月石,
337,5,Séléroc,
337,6,Lunastein,
337,9,Lunatone,Meteorite
338,1,ソルロック,
338,2,Solrock,
338,3,솔록,
338,4,太陽岩,
338,5,Solaroc,
338,6,Sonnfel,
338,9,Solrock,Meteorite
339,1,ドジョッチ,
339,2,Dojoach,
339,3,미꾸리,
339,4,泥泥鰍,
339,5,Barloche,
339,6,Schmerbe,
339,9,Barboach,Whiskers
340,1,ナマズン,
340,2,Namazun,
340,3,메깅,
340,4,鯰魚王,
340,5,Barbicha,
340,6,Welsar,
340,9,Whiscash,Whiskers
341,1,ヘイガニ,
341,2,Heigani,
341,3,가재군,
341,4,龍蝦小兵,
341,5,Écrapince,
341,6,Krebscorps,
341,9,Corphish,Ruffian
342,1,シザリガー,
342,2,Shizariger,
342,3,가재장군,
342,4,鐵螯龍蝦,
342,5,Colhomard,
342,6,Krebutack,
342,9,Crawdaunt,Rogue
343,1,ヤジロン,
343,2,Yajilon,
343,3,오뚝군,
343,4,天秤偶,
343,5,Balbuto,
343,6,Puppance,
343,9,Baltoy,Clay Doll
344,1,ネンドール,
344,2,Nendoll,
344,3,점토도리,
344,4,念力土偶,
344,5,Kaorine,
344,6,Lepumentas,
344,9,Claydol,Clay Doll
345,1,リリーラ,
345,2,Lilyla,
345,3,릴링,
345,4,觸手百合,
345,5,Lilia,
345,6,Liliep,
345,9,Lileep,Sea Lily
346,1,ユレイドル,
346,2,Yuradle,
346,3,릴리요,
346,4,搖籃百合,
346,5,Vacilys,
346,6,Wielie,
346,9,Cradily,Barnacle
347,1,アノプス,
347,2,Anopth,
347,3,아노딥스,
347,4,太古羽蟲,
347,5,Anorith,
347,6,Anorith,
347,9,Anorith,Old Shrimp
348,1,アーマルド,
348,2,Armaldo,
348,3,아말도,
348,4,太古盔甲,
348,5,Armaldo,
348,6,Armaldo,
348,9,Armaldo,Plate
349,1,ヒンバス,
349,2,Hinbass,
349,3,빈티나,
349,4,笨笨魚,
349,5,Barpau,
349,6,Barschwa,
349,9,Feebas,Fish
350,1,ミロカロス,
350,2,Milokaross,
350,3,밀로틱,
350,4,美納斯,
350,5,Milobellus,
350,6,Milotic,
350,9,Milotic,Tender
351,1,ポワルン,
351,2,Powalen,
351,3,캐스퐁,
351,4,漂浮泡泡,
351,5,Morphéo,
351,6,Formeo,
351,9,Castform,Weather
352,1,カクレオン,
352,2,Kakureon,
352,3,켈리몬,
352,4,變隱龍,
352,5,Kecleon,
352,6,Kecleon,
352,9,Kecleon,Color Swap
353,1,カゲボウズ,
353,2,Kagebouzu,
353,3,어둠대신,
353,4,怨影娃娃,
353,5,Polichombr,
353,6,Shuppet,
353,9,Shuppet,Puppet
354,1,ジュペッタ,
354,2,Juppeta,
354,3,다크펫,
354,4,詛咒娃娃,
354,5,Branette,
354,6,Banette,
354,9,Banette,Marionette
355,1,ヨマワル,
355,2,Yomawaru,
355,3,해골몽,
355,4,夜骷髏,
355,5,Skelénox,
355,6,Zwirrlicht,
355,9,Duskull,Requiem
356,1,サマヨール,
356,2,Samayouru,
356,3,미라몽,
356,4,夜巨人,
356,5,Téraclope,
356,6,Zwirrklop,
356,9,Dusclops,Beckon
357,1,トロピウス,
357,2,Tropius,
357,3,트로피우스,
357,4,熱帶龍,
357,5,Tropius,
357,6,Tropius,
357,9,Tropius,Fruit
358,1,チリーン,
358,2,Chirean,
358,3,치렁,
358,4,風鈴鈴,
358,5,Éoko,
358,6,Palimpalim,
358,9,Chimecho,Wind Chime
359,1,アブソル,
359,2,Absol,
359,3,앱솔,
359,4,阿勃梭魯,
359,5,Absol,
359,6,Absol,
359,9,Absol,Disaster
360,1,ソーナノ,
360,2,Sohnano,
360,3,마자,
360,4,小果然,
360,5,Okéoké,
360,6,Isso,
360,9,Wynaut,Bright
361,1,ユキワラシ,
361,2,Yukiwarashi,
361,3,눈꼬마,
361,4,雪童子,
361,5,Stalgamin,
361,6,Schneppke,
361,9,Snorunt,Snow Hat
362,1,オニゴーリ,
362,2,Onigohri,
362,3,얼음귀신,
362,4,冰鬼護,
362,5,Oniglali,
362,6,Firnontor,
362,9,Glalie,Face
363,1,タマザラシ,
363,2,Tamazarashi,
363,3,대굴레오,
363,4,海豹球,
363,5,Obalie,
363,6,Seemops,
363,9,Spheal,Clap
364,1,トドグラー,
364,2,Todoggler,
364,3,씨레오,
364,4,海魔獅,
364,5,Phogleur,
364,6,Seejong,
364,9,Sealeo,Ball Roll
365,1,トドゼルガ,
365,2,Todoseruga,
365,3,씨카이저,
365,4,帝牙海獅,
365,5,Kaimorse,
365,6,Walraisa,
365,9,Walrein,Ice Break
366,1,パールル,
366,2,Pearlulu,
366,3,진주몽,
366,4,珍珠貝,
366,5,Coquiperl,
366,6,Perlu,
366,9,Clamperl,Bivalve
367,1,ハンテール,
367,2,Huntail,
367,3,헌테일,
367,4,獵斑魚,
367,5,Serpang,
367,6,Aalabyss,
367,9,Huntail,Deep Sea
368,1,サクラビス,
368,2,Sakurabyss,
368,3,분홍장이,
368,4,櫻花魚,
368,5,Rosabyss,
368,6,Saganabyss,
368,9,Gorebyss,South Sea
369,1,ジーランス,
369,2,Glanth,
369,3,시라칸,
369,4,古空棘魚,
369,5,Relicanth,
369,6,Relicanth,
369,9,Relicanth,Longevity
370,1,ラブカス,
370,2,Lovecus,
370,3,사랑동이,
370,4,愛心魚,
370,5,Lovdisc,
370,6,Liebiskus,
370,9,Luvdisc,Rendezvous
371,1,タツベイ,
371,2,Tatsubay,
371,3,아공이,
371,4,寶貝龍,
371,5,Draby,
371,6,Kindwurm,
371,9,Bagon,Rock Head
372,1,コモルー,
372,2,Komoruu,
372,3,쉘곤,
372,4,甲殼龍,
372,5,Drackhaus,
372,6,Draschel,
372,9,Shelgon,Endurance
373,1,ボーマンダ,
373,2,Bohmander,
373,3,보만다,
373,4,暴蠑螈,
373,5,Drattak,
373,6,Brutalanda,
373,9,Salamence,Dragon
374,1,ダンバル,
374,2,Dumbber,
374,3,메탕,
374,4,鐵啞鈴,
374,5,Terhal,
374,6,Tanhel,
374,9,Beldum,Iron Ball
375,1,メタング,
375,2,Metang,
375,3,메탕구,
375,4,金屬怪,
375,5,Métang,
375,6,Metang,
375,9,Metang,Iron Claw
376,1,メタグロス,
376,2,Metagross,
376,3,메타그로스,
376,4,巨金怪,
376,5,Métalosse,
376,6,Metagross,
376,9,Metagross,Iron Leg
377,1,レジロック,
377,2,Regirock,
377,3,레지락,
377,4,雷吉洛克,
377,5,Regirock,
377,6,Regirock,
377,9,Regirock,Rock Peak
378,1,レジアイス,
378,2,Regice,
378,3,레지아이스,
378,4,雷吉艾斯,
378,5,Regice,
378,6,Regice,
378,9,Regice,Iceberg
379,1,レジスチル,
379,2,Registeel,
379,3,레지스틸,
379,4,雷吉斯奇魯,
379,5,Registeel,
379,6,Registeel,
379,9,Registeel,Iron
380,1,ラティアス,
380,2,Latias,
380,3,라티아스,
380,4,拉帝亞斯,
380,5,Latias,
380,6,Latias,
380,9,Latias,Eon
381,1,ラティオス,
381,2,Latios,
381,3,라티오스,
381,4,拉帝歐斯,
381,5,Latios,
381,6,Latios,
381,9,Latios,Eon
382,1,カイオーガ,
382,2,Kyogre,
382,3,가이오가,
382,4,蓋歐卡,
382,5,Kyogre,
382,6,Kyogre,
382,9,Kyogre,Sea Basin
383,1,グラードン,
383,2,Groudon,
383,3,그란돈,
383,4,固拉多,
383,5,Groudon,
383,6,Groudon,
383,9,Groudon,Continent
384,1,レックウザ,
384,2,Rayquaza,
384,3,레쿠쟈,
384,4,烈空坐,
384,5,Rayquaza,
384,6,Rayquaza,
384,9,Rayquaza,Sky High
385,1,ジラーチ,
385,2,Jirachi,
385,3,지라치,
385,4,基拉祈,
385,5,Jirachi,
385,6,Jirachi,
385,9,Jirachi,Wish
386,1,デオキシス,
386,2,Deoxys,
386,3,테오키스,
386,4,代歐奇希斯,
386,5,Deoxys,
386,6,Deoxys,
386,9,Deoxys,DNA
387,1,ナエトル,
387,2,Naetle,
387,3,모부기,
387,4,草苗龜,
387,5,Tortipouss,
387,6,Chelast,
387,9,Turtwig,Tiny Leaf
388,1,ハヤシガメ,
388,2,Hayashigame,
388,3,수풀부기,
388,4,樹林龜,
388,5,Boskara,
388,6,Chelcarain,
388,9,Grotle,Grove
389,1,ドダイトス,
389,2,Dodaitose,
389,3,토대부기,
389,4,土台龜,
389,5,Torterra,
389,6,Chelterrar,
389,9,Torterra,Continent
390,1,ヒコザル,
390,2,Hikozaru,
390,3,불꽃숭이,
390,4,小火焰猴,
390,5,Ouisticram,
390,6,Panflam,
390,9,Chimchar,Chimp
391,1,モウカザル,
391,2,Mōkazaru,
391,3,파이숭이,
391,4,猛火猴,
391,5,Chimpenfeu,
391,6,Panpyro,
391,9,Monferno,Playful
392,1,ゴウカザル,
392,2,Gōkazaru,
392,3,초염몽,
392,4,烈焰猴,
392,5,Simiabraz,
392,6,Panferno,
392,9,Infernape,Flame
393,1,ポッチャマ,
393,2,Pochama,
393,3,팽도리,
393,4,波加曼,
393,5,Tiplouf,
393,6,Plinfa,
393,9,Piplup,Penguin
394,1,ポッタイシ,
394,2,Pottaishi,
394,3,팽태자,
394,4,波皇子,
394,5,Prinplouf,
394,6,Pliprin,
394,9,Prinplup,Penguin
395,1,エンペルト,
395,2,Emperte,
395,3,엠페르트,
395,4,帝王拿波,
395,5,Pingoléon,
395,6,Impoleon,
395,9,Empoleon,Emperor
396,1,ムックル,
396,2,Mukkuru,
396,3,찌르꼬,
396,4,姆克兒,
396,5,Étourmi,
396,6,Staralili,
396,9,Starly,Starling
397,1,ムクバード,
397,2,Mukubird,
397,3,찌르버드,
397,4,姆克鳥,
397,5,Étourvol,
397,6,Staravia,
397,9,Staravia,Starling
398,1,ムクホーク,
398,2,Mukuhawk,
398,3,찌르호크,
398,4,姆克鷹,
398,5,Étouraptor,
398,6,Staraptor,
398,9,Staraptor,Predator
399,1,ビッパ,
399,2,Bipper,
399,3,비버니,
399,4,大牙狸,
399,5,Keunotor,
399,6,Bidiza,
399,9,Bidoof,Plump Mouse
400,1,ビーダル,
400,2,Beadull,
400,3,비버통,
400,4,大尾狸,
400,5,Castorno,
400,6,Bidifas,
400,9,Bibarel,Beaver
401,1,コロボーシ,
401,2,Korobohshi,
401,3,귀뚤뚜기,
401,4,圓法師,
401,5,Crikzik,
401,6,Zirpurze,
401,9,Kricketot,Cricket
402,1,コロトック,
402,2,Korotok,
402,3,귀뚤톡크,
402,4,音箱蟀,
402,5,Mélokrik,
402,6,Zirpeise,
402,9,Kricketune,Cricket
403,1,コリンク,
403,2,Kolink,
403,3,꼬링크,
403,4,小貓怪,
403,5,Lixy,
403,6,Sheinux,
403,9,Shinx,Flash
404,1,ルクシオ,
404,2,Luxio,
404,3,럭시오,
404,4,勒克貓,
404,5,Luxio,
404,6,Luxio,
404,9,Luxio,Spark
405,1,レントラー,
405,2,Rentorar,
405,3,렌트라,
405,4,倫琴貓,
405,5,Luxray,
405,6,Luxtra,
405,9,Luxray,Gleam Eyes
406,1,スボミー,
406,2,Subomie,
406,3,꼬몽울,
406,4,含羞苞,
406,5,Rozbouton,
406,6,Knospi,
406,9,Budew,Bud
407,1,ロズレイド,
407,2,Roserade,
407,3,로즈레이드,
407,4,羅絲雷朵,
407,5,Roserade,
407,6,Roserade,
407,9,Roserade,Bouquet
408,1,ズガイドス,
408,2,Zugaidos,
408,3,두개도스,
408,4,頭蓋龍,
408,5,Kranidos,
408,6,Koknodon,
408,9,Cranidos,Head Butt
409,1,ラムパルド,
409,2,Rampard,
409,3,램펄드,
409,4,戰槌龍,
409,5,Charkos,
409,6,Rameidon,
409,9,Rampardos,Head Butt
410,1,タテトプス,
410,2,Tatetops,
410,3,방패톱스,
410,4,盾甲龍,
410,5,Dinoclier,
410,6,Schilterus,
410,9,Shieldon,Shield
411,1,トリデプス,
411,2,Trideps,
411,3,바리톱스,
411,4,護城龍,
411,5,Bastiodon,
411,6,Bollterus,
411,9,Bastiodon,Shield
412,1,ミノムッチ,
412,2,Minomucchi,
412,3,도롱충이,
412,4,結草兒,
412,5,Cheniti,
412,6,Burmy,
412,9,Burmy,Bagworm
413,1,ミノマダム,
413,2,Minomadam,
413,3,도롱마담,
413,4,結草貴婦,
413,5,Cheniselle,
413,6,Burmadame,
413,9,Wormadam,Bagworm
414,1,ガーメイル,
414,2,Garmeil,
414,3,나메일,
414,4,紳士蛾,
414,5,Papilord,
414,6,Moterpel,
414,9,Mothim,Moth
415,1,ミツハニー,
415,2,Mitsuhoney,
415,3,세꿀버리,
415,4,三蜜蜂,
415,5,Apitrini,
415,6,Wadribie,
415,9,Combee,Tiny Bee
416,1,ビークイン,
416,2,Beequeen,
416,3,비퀸,
416,4,蜂后,
416,5,Apireine,
416,6,Honweisel,
416,9,Vespiquen,Beehive
417,1,パチリス,
417,2,Pachirisu,
417,3,파치리스,
417,4,帕奇利茲,
417,5,Pachirisu,
417,6,Pachirisu,
417,9,Pachirisu,EleSquirrel
418,1,ブイゼル,
418,2,Buoysel,
418,3,브이젤,
418,4,泳氣鼬,
418,5,Mustébouée,
418,6,Bamelin,
418,9,Buizel,Sea Weasel
419,1,フローゼル,
419,2,Flowsel,
419,3,플로젤,
419,4,浮潛鼬,
419,5,Mustéflott,
419,6,Bojelin,
419,9,Floatzel,Sea Weasel
420,1,チェリンボ,
420,2,Cherinbo,
420,3,체리버,
420,4,櫻花寶,
420,5,Ceribou,
420,6,Kikugi,
420,9,Cherubi,Cherry
421,1,チェリム,
421,2,Cherrim,
421,3,체리꼬,
421,4,櫻花兒,
421,5,Ceriflor,
421,6,Kinoso,
421,9,Cherrim,Blossom
422,1,カラナクシ,
422,2,Karanakushi,
422,3,깝질무,
422,4,無殼海牛,
422,5,Sancoki,
422,6,Schalellos,
422,9,Shellos,Sea Slug
423,1,トリトドン,
423,2,Toritodon,
423,3,트리토돈,
423,4,海牛獸,
423,5,Tritosor,
423,6,Gastrodon,
423,9,Gastrodon,Sea Slug
424,1,エテボース,
424,2,Eteboth,
424,3,겟핸보숭,
424,4,雙尾怪手,
424,5,Capidextre,
424,6,Ambidiffel,
424,9,Ambipom,Long Tail
425,1,フワンテ,
425,2,Fuwante,
425,3,흔들풍손,
425,4,飄飄球,
425,5,Baudrive,
425,6,Driftlon,
425,9,Drifloon,Balloon
426,1,フワライド,
426,2,Fuwaride,
426,3,둥실라이드,
426,4,附和氣球,
426,5,Grodrive,
426,6,Drifzepeli,
426,9,Drifblim,Blimp
427,1,ミミロル,
427,2,Mimirol,
427,3,이어롤,
427,4,捲捲耳,
427,5,Laporeille,
427,6,Haspiror,
427,9,Buneary,Rabbit
428,1,ミミロップ,
428,2,Mimilop,
428,3,이어롭,
428,4,長耳兔,
428,5,Lockpin,
428,6,Schlapor,
428,9,Lopunny,Rabbit
429,1,ムウマージ,
429,2,Mumage,
429,3,무우마직,
429,4,夢妖魔,
429,5,Magirêve,
429,6,Traunmagil,
429,9,Mismagius,Magical
430,1,ドンカラス,
430,2,Donkarasu,
430,3,돈크로우,
430,4,烏鴉頭頭,
430,5,Corboss,
430,6,Kramshef,
430,9,Honchkrow,Big Boss
431,1,ニャルマー,
431,2,Nyarmar,
431,3,나옹마,
431,4,魅力喵,
431,5,Chaglam,
431,6,Charmian,
431,9,Glameow,Catty
432,1,ブニャット,
432,2,Bunyat,
432,3,몬냥이,
432,4,東施喵,
432,5,Chaffreux,
432,6,Shnurgarst,
432,9,Purugly,Tiger Cat
433,1,リーシャン,
433,2,Lisyan,
433,3,랑딸랑,
433,4,鈴鐺響,
433,5,Korillon,
433,6,Klingplim,
433,9,Chingling,Bell
434,1,スカンプー,
434,2,Skunpoo,
434,3,스컹뿡,
434,4,臭鼬噗,
434,5,Moufouette,
434,6,Skunkapuh,
434,9,Stunky,Skunk
435,1,スカタンク,
435,2,Skutank,
435,3,스컹탱크,
435,4,坦克臭鼬,
435,5,Moufflair,
435,6,Skuntank,
435,9,Skuntank,Skunk
436,1,ドーミラー,
436,2,Domirror,
436,3,동미러,
436,4,銅鏡怪,
436,5,Archéomire,
436,6,Bronzel,
436,9,Bronzor,Bronze
437,1,ドータクン,
437,2,Dotakun,
437,3,동탁군,
437,4,青銅鐘,
437,5,Archéodong,
437,6,Bronzong,
437,9,Bronzong,Bronze Bell
438,1,ウソハチ,
438,2,Usohachi,
438,3,꼬지지,
438,4,愛哭樹,
438,5,Manzaï,
438,6,Mobai,
438,9,Bonsly,Bonsai
439,1,マネネ,
439,2,Manene,
439,3,흉내내,
439,4,魔尼尼,
439,5,Mime Jr.,
439,6,Pantimimi,
439,9,Mime Jr.,Mime
440,1,ピンプク,
440,2,Pinpuku,
440,3,핑복,
440,4,好運蛋,
440,5,Ptiravi,
440,6,Wonneira,
440,9,Happiny,Playhouse
441,1,ペラップ,
441,2,Perap,
441,3,페라페,
441,4,聒噪鳥,
441,5,Pijako,
441,6,Plaudagei,
441,9,Chatot,Music Note
442,1,ミカルゲ,
442,2,Mikaruge,
442,3,화강돌,
442,4,花岩怪,
442,5,Spiritomb,
442,6,Kryppuk,
442,9,Spiritomb,Forbidden
443,1,フカマル,
443,2,Fukamaru,
443,3,딥상어동,
443,4,圓陸鲨,
443,5,Griknot,
443,6,Kaumalat,
443,9,Gible,Land Shark
444,1,ガバイト,
444,2,Gabite,
444,3,한바이트,
444,4,尖牙陸鲨,
444,5,Carmache,
444,6,Knarksel,
444,9,Gabite,Cave
445,1,ガブリアス,
445,2,Gablias,
445,3,한카리아스,
445,4,烈咬陸鲨,
445,5,Carchacrok,
445,6,Knakrack,
445,9,Garchomp,Mach
446,1,ゴンベ,
446,2,Gonbe,
446,3,먹고자,
446,4,小卡比獸,
446,5,Goinfrex,
446,6,Mampfaxo,
446,9,Munchlax,Big Eater
447,1,リオル,
447,2,Riolu,
447,3,리오르,
447,4,利歐路,
447,5,Riolu,
447,6,Riolu,
447,9,Riolu,Emanation
448,1,ルカリオ,
448,2,Lucario,
448,3,루카리오,
448,4,路卡利歐,
448,5,Lucario,
448,6,Lucario,
448,9,Lucario,Aura
449,1,ヒポポタス,
449,2,Hipopotas,
449,3,히포포타스,
449,4,怪河馬,
449,5,Hippopotas,
449,6,Hippopotas,
449,9,Hippopotas,Hippo
450,1,カバルドン,
450,2,Kabarudon,
450,3,하마돈,
450,4,河馬獸,
450,5,Hippodocus,
450,6,Hippoterus,
450,9,Hippowdon,Heavyweight
451,1,スコルピ,
451,2,Scorpi,
451,3,스콜피,
451,4,紫天蠍,
451,5,Rapion,
451,6,Pionskora,
451,9,Skorupi,Scorpion
452,1,ドラピオン,
452,2,Dorapion,
452,3,드래피온,
452,4,龍王蠍,
452,5,Drascore,
452,6,Piondragi,
452,9,Drapion,Ogre Scorp
453,1,グレッグル,
453,2,Gureggru,
453,3,삐딱구리,
453,4,不良蛙,
453,5,Cradopaud,
453,6,Glibunkel,
453,9,Croagunk,Toxic Mouth
454,1,ドクロッグ,
454,2,Dokurog,
454,3,독개굴,
454,4,毒骷蛙,
454,5,Coatox,
454,6,Toxiquak,
454,9,Toxicroak,Toxic Mouth
455,1,マスキッパ,
455,2,Muskippa,
455,3,무스틈니,
455,4,尖牙籠,
455,5,Vortente,
455,6,Venuflibis,
455,9,Carnivine,Bug Catcher
456,1,ケイコウオ,
456,2,Keikouo,
456,3,형광어,
456,4,螢光魚,
456,5,Écayon,
456,6,Finneon,
456,9,Finneon,Wing Fish
457,1,ネオラント,
457,2,Neolant,
457,3,네오라이트,
457,4,霓虹魚,
457,5,Luminéon,
457,6,Lumineon,
457,9,Lumineon,Neon
458,1,タマンタ,
458,2,Tamanta,
458,3,타만타,
458,4,小球飛魚,
458,5,Babimanta,
458,6,Mantirps,
458,9,Mantyke,Kite
459,1,ユキカブリ,
459,2,Yukikaburi,
459,3,눈쓰개,
459,4,雪笠怪,
459,5,Blizzi,
459,6,Shnebedeck,
459,9,Snover,Frost Tree
460,1,ユキノオー,
460,2,Yukinooh,
460,3,눈설왕,
460,4,暴雪王,
460,5,Blizzaroi,
460,6,Rexblisar,
460,9,Abomasnow,Frost Tree
461,1,マニューラ,
461,2,Manyula,
461,3,포푸니라,
461,4,瑪狃拉,
461,5,Dimoret,
461,6,Snibunna,
461,9,Weavile,Sharp Claw
462,1,ジバコイル,
462,2,Jibacoil,
462,3,자포코일,
462,4,自爆磁怪,
462,5,Magnézone,
462,6,Magnezone,
462,9,Magnezone,Magnet Area
463,1,ベロベルト,
463,2,Beroberto,
463,3,내룸벨트,
463,4,大舌舔,
463,5,Coudlangue,
463,6,Schlurplek,
463,9,Lickilicky,Licking
464,1,ドサイドン,
464,2,Dosydon,
464,3,거대코뿌리,
464,4,超鐵暴龍,
464,5,Rhinastoc,
464,6,Rihornior,
464,9,Rhyperior,Drill
465,1,モジャンボ,
465,2,Mojumbo,
465,3,덩쿠림보,
465,4,巨蔓藤,
465,5,Bouldeneu,
465,6,Tangoloss,
465,9,Tangrowth,Vine
466,1,エレキブル,
466,2,Elekible,
466,3,에레키블,
466,4,電擊魔獸,
466,5,Élekable,
466,6,Elevoltek,
466,9,Electivire,Thunderbolt
467,1,ブーバーン,
467,2,Booburn,
467,3,마그마번,
467,4,鴨嘴焰龍,
467,5,Maganon,
467,6,Magbrant,
467,9,Magmortar,Blast
468,1,トゲキッス,
468,2,Togekiss,
468,3,토게키스,
468,4,波克基斯,
468,5,Togekiss,
468,6,Togekiss,
468,9,Togekiss,Jubilee
469,1,メガヤンマ,
469,2,Megayanma,
469,3,메가자리,
469,4,梅卡陽瑪,
469,5,Yanmega,
469,6,Yanmega,
469,9,Yanmega,Ogre Darner
470,1,リーフィア,
470,2,Leafia,
470,3,리피아,
470,4,葉精靈,
470,5,Phyllali,
470,6,Folipurba,
470,9,Leafeon,Verdant
471,1,グレイシア,
471,2,Glacia,
471,3,글레이시아,
471,4,冰精靈,
471,5,Givrali,
471,6,Glaziola,
471,9,Glaceon,Fresh Snow
472,1,グライオン,
472,2,Glion,
472,3,글라이온,
472,4,天蠍王,
472,5,Scorvol,
472,6,Skorgro,
472,9,Gliscor,Fang Scorp
473,1,マンムー,
473,2,Mammoo,
473,3,맘모꾸리,
473,4,象牙豬,
473,5,Mammochon,
473,6,Mamutel,
473,9,Mamoswine,Twin Tusk
474,1,ポリゴンＺ,
474,2,PorygonZ,
474,3,폴리곤Ｚ,
474,4,3D龍Z,
474,5,Porygon-Z,
474,6,Porygon-Z,
474,9,Porygon-Z,Virtual
475,1,エルレイド,
475,2,Erlade,
475,3,엘레이드,
475,4,艾路雷朵,
475,5,Gallame,
475,6,Galagladi,
475,9,Gallade,Blade
476,1,ダイノーズ,
476,2,Dainose,
476,3,대코파스,
476,4,大朝北鼻,
476,5,Tarinorme,
476,6,Voluminas,
476,9,Probopass,Compass
477,1,ヨノワール,
477,2,Yonoir,
477,3,야느와르몽,
477,4,夜黑魔人,
477,5,Noctunoir,
477,6,Zwirrfinst,
477,9,Dusknoir,Gripper
478,1,ユキメノコ,
478,2,Yukimenoko,
478,3,눈여아,
478,4,雪妖女,
478,5,Momartik,
478,6,Frosdedje,
478,9,Froslass,Snow Land
479,1,ロトム,
479,2,Rotom,
479,3,로토무,
479,4,洛托姆,
479,5,Motisma,
479,6,Rotom,
479,9,Rotom,Plasma
480,1,ユクシー,
480,2,Yuxie,
480,3,유크시,
480,4,由克希,
480,5,Créhelf,
480,6,Selfe,
480,9,Uxie,Knowledge
481,1,エムリット,
481,2,Emrit,
481,3,엠라이트,
481,4,艾姆利多,
481,5,Créfollet,
481,6,Vesprit,
481,9,Mesprit,Emotion
482,1,アグノム,
482,2,Agnome,
482,3,아그놈,
482,4,亞克諾姆,
482,5,Créfadet,
482,6,Tobutz,
482,9,Azelf,Willpower
483,1,ディアルガ,
483,2,Dialga,
483,3,디아루가,
483,4,帝牙盧卡,
483,5,Dialga,
483,6,Dialga,
483,9,Dialga,Temporal
484,1,パルキア,
484,2,Palkia,
484,3,펄기아,
484,4,帕路奇犽,
484,5,Palkia,
484,6,Palkia,
484,9,Palkia,Spatial
485,1,ヒードラン,
485,2,Heatran,
485,3,히드런,
485,4,席多藍恩,
485,5,Heatran,
485,6,Heatran,
485,9,Heatran,Lava Dome
486,1,レジギガス,
486,2,Regigigas,
486,3,레지기가스,
486,4,雷吉奇卡斯,
486,5,Regigigas,
486,6,Regigigas,
486,9,Regigigas,Colossal
487,1,ギラティナ,
487,2,Giratina,
487,3,기라티나,
487,4,騎拉帝納,
487,5,Giratina,
487,6,Giratina,
487,9,Giratina,Renegade
488,1,クレセリア,
488,2,Crecelia,
488,3,크레세리아,
488,4,克雷色利亞,
488,5,Cresselia,
488,6,Cresselia,
488,9,Cresselia,Lunar
489,1,フィオネ,
489,2,Phione,
489,3,피오네,
489,4,霏歐納,
489,5,Phione,
489,6,Phione,
489,9,Phione,Sea Drifter
490,1,マナフィ,
490,2,Manaphy,
490,3,마나피,
490,4,瑪納霏,
490,5,Manaphy,
490,6,Manaphy,
490,9,Manaphy,Seafaring
491,1,ダークライ,
491,2,Darkrai,
491,3,다크라이,
491,4,達克萊伊,
491,5,Darkrai,
491,6,Darkrai,
491,9,Darkrai,Pitch-Black
492,1,シェイミ,
492,2,Shaymin,
492,3,쉐이미,
492,4,潔咪,
492,5,Shaymin,
492,6,Shaymin,
492,9,Shaymin,Gratitude
493,1,アルセウス,
493,2,Arceus,
493,3,아르세우스,
493,4,雅魯塞宇斯,
493,5,Arceus,
493,6,Arceus,
493,9,Arceus,Alpha
494,1,ビクティニ,
494,5,Victini,
494,6,Victini,
494,9,Victini,Victory
495,1,ツタージャ,
495,4,藤藤蛇,
495,5,Vipélierre,
495,6,Serpifeu,
495,9,Snivy,Grass Snake
496,1,ジャノビー,
496,5,Lianaja,
496,6,Efoserp,
496,9,Servine,Grass Snake
497,1,ジャローダ,
497,5,Majaspic,
497,6,Serpiroyal,
497,9,Serperior,Regal
498,1,ポカブ,
498,4,暖暖豬,
498,5,Gruikui,
498,6,Floink,
498,9,Tepig,Fire Pig
499,1,チャオブー,
499,5,Grotichon,
499,6,Ferkokel,
499,9,Pignite,Fire Pig
500,1,エンブオー,
500,5,Roitiflam,
500,6,Flambirex,
500,9,Emboar,Mega Fire Pig
501,1,ミジュマル,
501,4,水水獺,
501,5,Moustillon,
501,6,Ottaro,
501,9,Oshawott,Sea Otter
502,1,フタチマル,
502,5,Mateloutre,
502,6,Zwottronin,
502,9,Dewott,Discipline
503,1,ダイケンキ,
503,5,Clamiral,
503,6,Admurai,
503,9,Samurott,Formidable
504,1,ミネズミ,
504,5,Ratentif,
504,6,Nagelotz,
504,9,Patrat,Scout
505,1,ミルホッグ,
505,5,Miradar,
505,6,Kukmarda,
505,9,Watchog,Lookout
506,1,ヨーテリー,
506,5,Ponchiot,
506,6,Yorkleff,
506,9,Lillipup,Puppy
507,1,ハーデリア,
507,5,Ponchien,
507,6,Terribark,
507,9,Herdier,Loyal Dog
508,1,ムーランド,
508,5,Mastouffe,
508,6,Bissbark,
508,9,Stoutland,Big-Hearted
509,1,チョロネコ,
509,5,Chacripan,
509,6,Felilou,
509,9,Purrloin,Devious
510,1,レパルダス,
510,5,Léopardus,
510,6,Kleoparda,
510,9,Liepard,Cruel
511,1,ヤナップ,
511,4,花椰猴,
511,5,Feuillajou,
511,6,Vegimak,
511,9,Pansage,Grass Monkey
512,1,ヤナッキー,
512,5,Feuiloutan,
512,6,Vegichita,
512,9,Simisage,Thorn Monkey
513,1,バオップ,
513,5,Flamajou,
513,6,Grillmak,
513,9,Pansear,High Temp
514,1,バオッキー,
514,5,Flamoutan,
514,6,Grillchita,
514,9,Simisear,Ember
515,1,ヒヤップ,
515,5,Flotajou,
515,6,Sodamak,
515,9,Panpour,Spray
516,1,ヒヤッキー,
516,5,Flotoutan,
516,6,Sodachita,
516,9,Simipour,Geyser
517,1,ムンナ,
517,5,Munna,
517,6,Somniam,
517,9,Munna,Dream Eater
518,1,ムシャーナ,
518,5,Mushana,
518,6,Somnivora,
518,9,Musharna,Drowsing
519,1,マメパト,
519,5,Poichigeon,
519,6,Dusselgurr,
519,9,Pidove,Tiny Pigeon
520,1,ハトーボー,
520,5,Colombeau,
520,6,Navitaub,
520,9,Tranquill,Wild Pigeon
521,1,ケンホロウ,
521,5,Déflaisan,
521,6,Fasasnob,
521,9,Unfezant,Proud
522,1,シママ,
522,5,Zébibron,
522,6,Elezeba,
522,9,Blitzle,Electrified
523,1,ゼブライカ,
523,5,Zéblitz,
523,6,Zebritz,
523,9,Zebstrika,Thunderbolt
524,1,ダンゴロ,
524,5,Nodulithe,
524,6,Kiesling,
524,9,Roggenrola,Mantle
525,1,ガントル,
525,5,Géolithe,
525,6,Sedimantur,
525,9,Boldore,Ore
526,1,ギガイアス,
526,5,Gigalithe,
526,6,Brockoloss,
526,9,Gigalith,Compressed
527,1,コロモリ,
527,5,Chovsourir,
527,6,Fleknoil,
527,9,Woobat,Bat
528,1,ココロモリ,
528,5,Rhinolove,
528,6,Fletiamo,
528,9,Swoobat,Courting
529,1,モグリュー,
529,5,Rototaupe,
529,6,Rotomurf,
529,9,Drilbur,Mole
530,1,ドリュウズ,
530,5,Minotaupe,
530,6,Stalobor,
530,9,Excadrill,Subterrene
531,1,タブンネ,
531,5,Nanméouïe,
531,6,Ohrdoch,
531,9,Audino,Hearing
532,1,ドッコラー,
532,5,Charpenti,
532,6,Praktibalk,
532,9,Timburr,Muscular
533,1,ドテッコツ,
533,5,Ouvrifier,
533,6,Strepoli,
533,9,Gurdurr,Muscular
534,1,ローブシン,
534,5,Bétochef,
534,6,Meistagrif,
534,9,Conkeldurr,Muscular
535,1,オタマロ,
535,5,Tritonde,
535,6,Schallquap,
535,9,Tympole,Tadpole
536,1,ガマガル,
536,5,Batracné,
536,6,Mebrana,
536,9,Palpitoad,Vibration
537,1,ガマゲロゲ,
537,5,Crapustule,
537,6,Branawarz,
537,9,Seismitoad,Vibration
538,1,ナゲキ,
538,5,Judokrak,
538,6,Jiutesto,
538,9,Throh,Judo
539,1,ダゲキ,
539,5,Karaclée,
539,6,Karadonis,
539,9,Sawk,Karate
540,1,クルミル,
540,5,Larveyette,
540,6,Strawickl,
540,9,Sewaddle,Sewing
541,1,クルマユ,
541,5,Couverdure,
541,6,Folikon,
541,9,Swadloon,Leaf-Wrapped
542,1,ハハコモリ,
542,5,Manternel,
542,6,Matrifol,
542,9,Leavanny,Nurturing
543,1,フシデ,
543,5,Venipatte,
543,6,Toxiped,
543,9,Venipede,Centipede
544,1,ホイーガ,
544,5,Scobolide,
544,6,Rollum,
544,9,Whirlipede,Curlipede
545,1,ペンドラー,
545,5,Brutapode,
545,6,Cerapendra,
545,9,Scolipede,Megapede
546,1,モンメン,
546,5,Doudouvet,
546,6,Waumboll,
546,9,Cottonee,Cotton Puff
547,1,エルフーン,
547,5,Farfaduvet,
547,6,Elfun,
547,9,Whimsicott,Windveiled
548,1,チュリネ,
548,5,Chlorobule,
548,6,Lilminip,
548,9,Petilil,Bulb
549,1,ドレディア,
549,5,Fragilady,
549,6,Dressella,
549,9,Lilligant,Flowering
550,1,バスラオ,
550,5,Bargantua,
550,6,Barschuft,
550,9,Basculin,Hostile
551,1,メグロコ,
551,5,Mascaïman,
551,6,Ganovil,
551,9,Sandile,Desert Croc
552,1,ワルビル,
552,5,Escroco,
552,6,Rokkaiman,
552,9,Krokorok,Desert Croc
553,1,ワルビアル,
553,5,Crocorible,
553,6,Rabigator,
553,9,Krookodile,Intimidation
554,1,ダルマッカ,
554,5,Darumarond,
554,6,Flampion,
554,9,Darumaka,Zen Charm
555,1,ヒヒダルマ,
555,5,Darumacho,
555,6,Flampivian,
555,9,Darmanitan,Blazing
556,1,マラカッチ,
556,5,Maracachi,
556,6,Maracamba,
556,9,Maractus,Cactus
557,1,イシズマイ,
557,5,Crabicoque,
557,6,Lithomith,
557,9,Dwebble,Rock Inn
558,1,イワパレス,
558,5,Crabaraque,
558,6,Castellith,
558,9,Crustle,Stone Home
559,1,ズルッグ,
559,5,Baggiguane,
559,6,Zurrokex,
559,9,Scraggy,Shedding
560,1,ズルズキン,
560,5,Baggaïd,
560,6,Irokex,
560,9,Scrafty,Hoodlum
561,1,シンボラー,
561,5,Cryptéro,
561,6,Symvolara,
561,9,Sigilyph,Avianoid
562,1,デスマス,
562,5,Tutafeh,
562,6,Makabaja,
562,9,Yamask,Spirit
563,1,デスカーン,
563,5,Tutankafer,
563,6,Echnatoll,
563,9,Cofagrigus,Coffin
564,1,プロトーガ,
564,5,Carapagos,
564,6,Galapaflos,
564,9,Tirtouga,Prototurtle
565,1,アバゴーラ,
565,5,Mégapagos,
565,6,Karippas,
565,9,Carracosta,Prototurtle
566,1,アーケン,
566,5,Arkéapti,
566,6,Flapteryx,
566,9,Archen,First Bird
567,1,アーケオス,
567,5,Aéroptéryx,
567,6,Aeropteryx,
567,9,Archeops,First Bird
568,1,ヤブクロン,
568,5,Miamiasme,
568,6,Unratütox,
568,9,Trubbish,Trash Bag
569,1,ダストダス,
569,5,Miasmax,
569,6,Deponitox,
569,9,Garbodor,Trash Heap
570,1,ゾロア,
570,5,Zorua,
570,6,Zorua,
570,9,Zorua,Tricky Fox
571,1,ゾロアーク,
571,5,Zoroark,
571,6,Zoroark,
571,9,Zoroark,Illusion Fox
572,1,チラーミィ,
572,5,Chinchidou,
572,6,Picochilla,
572,9,Minccino,Chinchilla
573,1,チラチーノ,
573,5,Pashmilla,
573,6,Chillabell,
573,9,Cinccino,Scarf
574,1,ゴチム,
574,5,Scrutella,
574,6,Mollimorba,
574,9,Gothita,Fixation
575,1,ゴチミル,
575,5,Mesmérella,
575,6,Hypnomorba,
575,9,Gothorita,Manipulate
576,1,ゴチルゼル,
576,5,Sidérella,
576,6,Morbitesse,
576,9,Gothitelle,Astral Body
577,1,ユニラン,
577,5,Nucléos,
577,6,Monozyto,
577,9,Solosis,Cell
578,1,ダブラン,
578,5,Méios,
578,6,Mitodos,
578,9,Duosion,Mitosis
579,1,ランクルス,
579,5,Symbios,
579,6,Zytomega,
579,9,Reuniclus,Multiplying
580,1,コアルヒー,
580,5,Couaneton,
580,6,Piccolente,
580,9,Ducklett,Water Bird
581,1,スワンナ,
581,5,Lakmécygne,
581,6,Swaroness,
581,9,Swanna,White Bird
582,1,バニプッチ,
582,5,Sorbébé,
582,6,Gelatini,
582,9,Vanillite,Fresh Snow
583,1,バニリッチ,
583,5,Sorboul,
583,6,Gelatroppo,
583,9,Vanillish,Icy Snow
584,1,バイバニラ,
584,5,Sorbouboul,
584,6,Gelatwino,
584,9,Vanilluxe,Snowstorm
585,1,シキジカ,
585,5,Vivaldaim,
585,6,Sesokitz,
585,9,Deerling,Season
586,1,メブキジカ,
586,5,Haydaim,
586,6,Kronjuwild,
586,9,Sawsbuck,Season
587,1,エモンガ,
587,5,Emolga,
587,6,Emolga,
587,9,Emolga,Sky Squirrel
588,1,カブルモ,
588,5,Carabing,
588,6,Laukaps,
588,9,Karrablast,Clamping
589,1,シュバルゴ,
589,5,Lançargot,
589,6,Cavalanzas,
589,9,Escavalier,Cavalry
590,1,タマゲタケ,
590,5,Trompignon,
590,6,Tarnpignon,
590,9,Foongus,Mushroom
591,1,モロバレル,
591,5,Gaulet,
591,6,Hutsassa,
591,9,Amoonguss,Mushroom
592,1,プルリル,
592,5,Viskuse,
592,6,Quabbel,
592,9,Frillish,Floating
593,1,ブルンゲル,
593,5,Moyade,
593,6,Apoquallyp,
593,9,Jellicent,Floating
594,1,ママンボウ,
594,5,Mamanbo,
594,6,Mamolida,
594,9,Alomomola,Caring
595,1,バチュル,
595,5,Statitik,
595,6,Wattzapf,
595,9,Joltik,Attaching
596,1,デンチュラ,
596,5,Mygavolt,
596,6,Voltula,
596,9,Galvantula,EleSpider
597,1,テッシード,
597,5,Grindur,
597,6,Kastadur,
597,9,Ferroseed,Thorn Seed
598,1,ナットレイ,
598,5,Noacier,
598,6,Tentantel,
598,9,Ferrothorn,Thorn Pod
599,1,ギアル,
599,5,Tic,
599,6,Klikk,
599,9,Klink,Gear
600,1,ギギアル,
600,5,Clic,
600,6,Kliklak,
600,9,Klang,Gear
601,1,ギギギアル,
601,5,Cliticlic,
601,6,Klikdiklak,
601,9,Klinklang,Gear
602,1,シビシラス,
602,5,Anchwatt,
602,6,Zapplardin,
602,9,Tynamo,EleFish
603,1,シビビール,
603,5,Lampéroie,
603,6,Zapplalek,
603,9,Eelektrik,EleFish
604,1,シビルドン,
604,5,Ohmassacre,
604,6,Zapplarang,
604,9,Eelektross,EleFish
605,1,リグレー,
605,5,Lewsor,
605,6,Pygraulon,
605,9,Elgyem,Cerebral
606,1,オーベム,
606,5,Neitram,
606,6,Megalon,
606,9,Beheeyem,Cerebral
607,1,ヒトモシ,
607,5,Funécire,
607,6,Lichtel,
607,9,Litwick,Candle
608,1,ランプラー,
608,5,Mélancolux,
608,6,Laternecto,
608,9,Lampent,Lamp
609,1,シャンデラ,
609,5,Lugulabre,
609,6,Skelabra,
609,9,Chandelure,Luring
610,1,キバゴ,
610,4,牙牙,
610,5,Coupenotte,
610,6,Milza,
610,9,Axew,Tusk
611,1,オノンド,
611,5,Incisache,
611,6,Sharfax,
611,9,Fraxure,Axe Jaw
612,1,オノノクス,
612,5,Tranchodon,
612,6,Maxax,
612,9,Haxorus,Axe Jaw
613,1,クマシュン,
613,5,Polarhume,
613,6,Petznief,
613,9,Cubchoo,Chill
614,1,ツンベアー,
614,5,Polagriffe,
614,6,Siberio,
614,9,Beartic,Freezing
615,1,フリージオ,
615,5,Hexagel,
615,6,Frigometri,
615,9,Cryogonal,Crystallizing
616,1,チョボマキ,
616,5,Escargaume,
616,6,Schnuthelm,
616,9,Shelmet,Snail
617,1,アギルダー,
617,5,Limaspeed,
617,6,Hydragil,
617,9,Accelgor,Shell Out
618,1,マッギョ,
618,5,Limonde,
618,6,Flunschlik,
618,9,Stunfisk,Trap
619,1,コジョフー,
619,5,Kungfouine,
619,6,Lin-Fu,
619,9,Mienfoo,Martial Arts
620,1,コジョンド,
620,5,Shaofouine,
620,6,Wie-Shu,
620,9,Mienshao,Martial Arts
621,1,クリムガン,
621,5,Drakkarmin,
621,6,Shardrago,
621,9,Druddigon,Cave
622,1,ゴビット,
622,5,Gringolem,
622,6,Golbit,
622,9,Golett,Automaton
623,1,ゴルーグ,
623,5,Golemastoc,
623,6,Golgantes,
623,9,Golurk,Automaton
624,1,コマタナ,
624,5,Scalpion,
624,6,Gladiantri,
624,9,Pawniard,Sharp Blade
625,1,キリキザン,
625,5,Scalproie,
625,6,Caesurio,
625,9,Bisharp,Sword Blade
626,1,バッフロン,
626,5,Frison,
626,6,Bisofank,
626,9,Bouffalant,Bash Buffalo
627,1,ワシボン,
627,5,Furaiglon,
627,6,Geronimatz,
627,9,Rufflet,Eaglet
628,1,ウォーグル,
628,5,Gueriaigle,
628,6,Washakwil,
628,9,Braviary,Valiant
629,1,バルチャイ,
629,5,Vostourno,
629,6,Skallyk,
629,9,Vullaby,Diapered
630,1,バルジーナ,
630,5,Vaututrice,
630,6,Grypheldis,
630,9,Mandibuzz,Bone Vulture
631,1,クイタラン,
631,5,Aflamanoir,
631,6,Furnifraß,
631,9,Heatmor,Anteater
632,1,アイアント,
632,5,Fermite,
632,6,Fermicula,
632,9,Durant,Iron Ant
633,1,モノズ,
633,5,Solochi,
633,6,Kapuno,
633,9,Deino,Irate
634,1,ジヘッド,
634,5,Diamat,
634,6,Duodino,
634,9,Zweilous,Hostile
635,1,サザンドラ,
635,5,Trioxhydre,
635,6,Trikephalo,
635,9,Hydreigon,Brutal
636,1,メラルバ,
636,5,Pyronille,
636,6,Ignivor,
636,9,Larvesta,Torch
637,1,ウルガモス,
637,5,Pyrax,
637,6,Ramoth,
637,9,Volcarona,Sun
638,1,コバルオン,
638,5,Cobaltium,
638,6,Kobalium,
638,9,Cobalion,Iron Will
639,1,テラキオン,
639,5,Terrakium,
639,6,Terrakium,
639,9,Terrakion,Cavern
640,1,ビリジオン,
640,5,Viridium,
640,6,Viridium,
640,9,Virizion,Grassland
641,1,トルネロス,
641,5,Boréas,
641,6,Boreos,
641,9,Tornadus,Cyclone
642,1,ボルトロス,
642,5,Fulguris,
642,6,Voltolos,
642,9,Thundurus,Bolt Strike
643,1,レシラム,
643,4,雷希拉姆,
643,5,Reshiram,
643,6,Reshiram,
643,9,Reshiram,Vast White
644,1,ゼクロム,
644,4,捷克羅姆,
644,5,Zekrom,
644,6,Zekrom,
644,9,Zekrom,Deep Black
645,1,ランドロス,
645,5,Démétéros,
645,6,Demeteros,
645,9,Landorus,Abundance
646,1,キュレム,
646,5,Kyurem,
646,6,Kyurem,
646,9,Kyurem,Boundary
647,1,ケルディオ,
647,5,Keldeo,
647,6,Keldeo,
647,9,Keldeo,Colt
648,1,メロエッタ,
648,5,Meloetta,
648,6,Meloetta,
648,9,Meloetta,Melody
649,1,ゲノセクト,
649,5,Genesect,
649,6,Genesect,
649,9,Genesect,Paleozoic
650,9,Chespin,
651,9,Quilladin,
652,9,Chesnaught,
653,9,Fennekin,
654,9,Braixen,
655,9,Delphox,
656,9,Froakie,
657,9,Frogadier,
658,9,Greninja,
659,9,Bunnelby,
660,9,Diggersby,
661,9,Fletchling,
662,9,Fletchinder,
663,9,Talonflame,
664,9,Scatterbug,
665,9,Spewpa,
666,9,Vivillon,
667,9,Litleo,
668,9,Pyroar,
669,9,Flabébé,
670,9,Floette,
671,9,Florges,
672,9,Skiddo,
673,9,Gogoat,
674,9,Pancham,
675,9,Pangoro,
676,9,Furfrou,
677,9,Espurr,
678,9,Meowstic,
679,9,Honedge,
680,9,Doublade,
681,9,Aegislash,
682,9,Spritzee,
683,9,Aromatisse,
684,9,Swirlix,
685,9,Slurpuff,
686,9,Inkay,
687,9,Malamar,
688,9,Binacle,
689,9,Barbaracle,
690,9,Skrelp,
691,9,Dragalge,
692,9,Clauncher,
693,9,Clawitzer,
694,9,Helioptile,
695,9,Heliolisk,
696,9,Tyrunt,
697,9,Tyrantrum,
698,9,Amaura,
699,9,Aurorus,
700,9,Sylveon,
701,9,Hawlucha,
702,9,Dedenne,
703,9,Carbink,
704,9,Goomy,
705,9,Sliggoo,
706,9,Goodra,
707,9,Klefki,
708,9,Phantump,
709,9,Trevenant,
710,9,Pumpkaboo,
711,9,Gourgeist,
712,9,Bergmite,
713,9,Avalugg,
714,9,Noibat,
715,9,Noivern,
716,9,Xerneas,
717,9,Yveltal,
718,9,Zygarde,
